timestamp,open,high,low,close,volume,trades,buy_volume,sell_volume,oi
2026-01-26 08:55:00,117890.0,117890.0,117890.0,117890.0,12,8,,12.0,52464.0
2026-01-26 09:00:00,117880.0,117900.0,116780.0,117000.0,2417,1624,852.0,1565.0,52176.0
2026-01-26 09:05:00,117010.0,117270.0,116990.0,117240.0,544,301,311.0,233.0,52074.0
2026-01-26 09:10:00,117240.0,117420.0,117240.0,117310.0,260,186,153.0,107.0,52086.0
2026-01-26 09:15:00,117270.0,117280.0,117070.0,117070.0,261,143,108.0,153.0,51986.0
2026-01-26 09:20:00,117070.0,117090.0,116650.0,116690.0,964,507,317.0,647.0,52264.0
2026-01-26 09:25:00,116670.0,116810.0,116580.0,116740.0,772,393,353.0,419.0,52198.0
2026-01-26 09:30:00,116740.0,116750.0,116530.0,116580.0,472,253,147.0,325.0,52290.0
2026-01-26 09:35:00,116580.0,116760.0,116550.0,116760.0,353,204,274.0,79.0,52170.0
2026-01-26 09:40:00,116760.0,116810.0,116730.0,116810.0,177,117,114.0,63.0,52114.0
2026-01-26 09:45:00,116810.0,116900.0,116710.0,116870.0,228,145,136.0,92.0,52056.0
2026-01-26 09:50:00,116870.0,116960.0,116720.0,116740.0,244,176,111.0,133.0,52176.0
2026-01-26 09:55:00,116740.0,116780.0,116520.0,116560.0,419,237,100.0,319.0,52206.0
2026-01-26 10:00:00,116560.0,116630.0,116150.0,116160.0,1827,998,565.0,1262.0,52154.0
2026-01-26 10:05:00,116150.0,116810.0,116100.0,116810.0,1334,772,857.0,477.0,51870.0
2026-01-26 10:10:00,116800.0,117010.0,116800.0,116840.0,1071,672,555.0,516.0,51802.0
2026-01-26 10:15:00,116840.0,117150.0,116840.0,116950.0,924,532,530.0,394.0,52074.0
2026-01-26 10:20:00,116950.0,117050.0,116940.0,116990.0,135,109,82.0,53.0,52050.0
2026-01-26 10:25:00,116980.0,117020.0,116870.0,116940.0,286,173,116.0,170.0,52066.0
2026-01-26 10:30:00,116950.0,116990.0,116910.0,116970.0,189,105,139.0,50.0,52088.0
2026-01-26 10:35:00,116970.0,116980.0,116670.0,116880.0,608,392,259.0,349.0,51884.0
2026-01-26 10:40:00,116900.0,116900.0,116740.0,116790.0,203,104,98.0,105.0,51830.0
2026-01-26 10:45:00,116800.0,116800.0,116420.0,116580.0,830,494,270.0,560.0,51900.0
2026-01-26 10:50:00,116560.0,116670.0,116490.0,116640.0,469,290,233.0,236.0,51726.0
2026-01-26 10:55:00,116620.0,116690.0,116550.0,116690.0,297,147,173.0,124.0,51674.0
2026-01-26 11:00:00,116660.0,116730.0,116570.0,116710.0,548,305,271.0,277.0,51582.0
2026-01-26 11:05:00,116700.0,116720.0,116580.0,116610.0,310,150,111.0,199.0,51440.0
2026-01-26 11:10:00,116600.0,116600.0,116420.0,116460.0,436,265,242.0,194.0,51476.0
2026-01-26 11:15:00,116470.0,116470.0,116270.0,116330.0,1325,375,273.0,1052.0,51096.0
2026-01-26 11:20:00,116310.0,116350.0,116230.0,116300.0,482,229,211.0,271.0,51256.0
2026-01-26 11:25:00,116290.0,116380.0,116040.0,116060.0,1020,530,336.0,684.0,50826.0
2026-01-26 11:30:00,116060.0,116060.0,115880.0,115910.0,815,395,289.0,526.0,50486.0
2026-01-26 11:35:00,115900.0,115900.0,115640.0,115760.0,1202,723,449.0,753.0,50056.0
2026-01-26 11:40:00,115760.0,115760.0,115620.0,115650.0,825,341,421.0,404.0,49588.0
2026-01-26 11:45:00,115630.0,115680.0,115580.0,115620.0,617,307,393.0,224.0,49582.0
2026-01-26 11:50:00,115610.0,115640.0,115560.0,115640.0,374,213,165.0,209.0,49676.0
2026-01-26 11:55:00,115620.0,115680.0,115310.0,115430.0,1673,792,662.0,1011.0,49326.0
2026-01-26 12:00:00,115440.0,115510.0,115310.0,115500.0,1030,622,491.0,539.0,49544.0
2026-01-26 12:05:00,115510.0,115540.0,115450.0,115500.0,274,175,152.0,122.0,49506.0
2026-01-26 12:10:00,115490.0,115630.0,115410.0,115480.0,540,349,291.0,249.0,49370.0
2026-01-26 12:15:00,115470.0,115550.0,115290.0,115350.0,765,417,329.0,436.0,49536.0
2026-01-26 12:20:00,115350.0,115560.0,115300.0,115550.0,482,232,278.0,204.0,49494.0
2026-01-26 12:25:00,115560.0,115590.0,115450.0,115520.0,299,153,138.0,161.0,49522.0
2026-01-26 12:30:00,115500.0,115510.0,115240.0,115310.0,633,352,268.0,365.0,49498.0
2026-01-26 12:35:00,115300.0,115410.0,115130.0,115170.0,790,389,223.0,567.0,49224.0
2026-01-26 12:40:00,115170.0,115180.0,115090.0,115140.0,807,376,475.0,332.0,49830.0
2026-01-26 12:45:00,115110.0,115180.0,115050.0,115080.0,890,350,305.0,585.0,50116.0
2026-01-26 12:50:00,115070.0,115080.0,115020.0,115050.0,492,225,107.0,385.0,50114.0
2026-01-26 12:55:00,115040.0,115070.0,115000.0,115000.0,312,193,101.0,211.0,50190.0
2026-01-26 13:00:00,115010.0,115120.0,115000.0,115110.0,452,231,237.0,215.0,50140.0
2026-01-26 13:05:00,115100.0,115130.0,115050.0,115070.0,123,95,51.0,72.0,50156.0
2026-01-26 13:10:00,115070.0,115120.0,115050.0,115060.0,98,69,37.0,61.0,50122.0
2026-01-26 13:15:00,115080.0,115170.0,115000.0,115130.0,402,229,225.0,177.0,50128.0
2026-01-26 13:20:00,115130.0,115330.0,115110.0,115330.0,480,300,340.0,140.0,50316.0
2026-01-26 13:25:00,115320.0,115320.0,115200.0,115200.0,210,136,55.0,155.0,50306.0
2026-01-26 13:30:00,115190.0,115190.0,115050.0,115160.0,292,178,116.0,176.0,50430.0
2026-01-26 13:35:00,115140.0,115140.0,115030.0,115100.0,299,124,170.0,129.0,50540.0
2026-01-26 13:40:00,115080.0,115210.0,115050.0,115180.0,288,158,217.0,71.0,50664.0
2026-01-26 13:45:00,115180.0,115200.0,115100.0,115170.0,270,178,129.0,141.0,50720.0
2026-01-26 13:50:00,115170.0,115450.0,115130.0,115370.0,822,401,566.0,256.0,50594.0
2026-01-26 13:55:00,115340.0,115340.0,115180.0,115250.0,192,128,70.0,122.0,50542.0
2026-01-26 14:05:00,115260.0,115310.0,115190.0,115270.0,167,136,88.0,79.0,50604.0
2026-01-26 14:10:00,115280.0,115340.0,115140.0,115180.0,309,170,79.0,230.0,50682.0
2026-01-26 14:15:00,115150.0,115210.0,115120.0,115130.0,157,111,51.0,106.0,50712.0
2026-01-26 14:20:00,115130.0,115140.0,115040.0,115140.0,422,205,111.0,311.0,50420.0
2026-01-26 14:25:00,115120.0,115170.0,115100.0,115170.0,192,103,162.0,30.0,50540.0
2026-01-26 14:30:00,115150.0,115160.0,115080.0,115150.0,217,108,37.0,180.0,50354.0
2026-01-26 14:35:00,115150.0,115170.0,115050.0,115110.0,604,240,239.0,365.0,50426.0
2026-01-26 14:40:00,115100.0,115120.0,115000.0,115110.0,382,195,134.0,248.0,50220.0
2026-01-26 14:45:00,115100.0,115150.0,114790.0,114790.0,1084,567,245.0,839.0,49906.0
2026-01-26 14:50:00,114790.0,114900.0,114740.0,114820.0,1129,655,424.0,705.0,49996.0
2026-01-26 14:55:00,114810.0,114990.0,114750.0,114930.0,634,385,332.0,302.0,49886.0
2026-01-26 15:00:00,114920.0,115070.0,114900.0,115020.0,398,229,201.0,197.0,49868.0
2026-01-26 15:05:00,115020.0,115130.0,114970.0,115000.0,259,159,92.0,167.0,49906.0
2026-01-26 15:10:00,115000.0,115120.0,114960.0,114960.0,228,156,137.0,91.0,49952.0
2026-01-26 15:15:00,115030.0,115080.0,114990.0,114990.0,122,102,103.0,19.0,49940.0
2026-01-26 15:20:00,114990.0,114990.0,114910.0,114970.0,174,107,55.0,119.0,49970.0
2026-01-26 15:25:00,114950.0,114970.0,114920.0,114960.0,103,67,58.0,45.0,50002.0
2026-01-26 15:30:00,114960.0,114960.0,114860.0,114880.0,192,81,64.0,128.0,50050.0
2026-01-26 15:35:00,114870.0,114920.0,114850.0,114890.0,474,171,393.0,81.0,50462.0
2026-01-26 15:40:00,114890.0,114920.0,114880.0,114890.0,124,53,49.0,75.0,50420.0
2026-01-26 15:45:00,114870.0,114870.0,114780.0,114850.0,298,163,110.0,188.0,50364.0
2026-01-26 15:50:00,114830.0,114930.0,114790.0,114900.0,259,152,202.0,57.0,50414.0
2026-01-26 15:55:00,114870.0,114900.0,114840.0,114880.0,139,101,86.0,53.0,50438.0
2026-01-26 16:00:00,114890.0,114930.0,114790.0,114890.0,170,118,92.0,78.0,50420.0
2026-01-26 16:05:00,114870.0,114880.0,114740.0,114870.0,285,195,162.0,123.0,50424.0
2026-01-26 16:10:00,114860.0,114920.0,114820.0,114900.0,198,137,83.0,115.0,50518.0
2026-01-26 16:15:00,114880.0,115120.0,114860.0,115100.0,440,275,301.0,139.0,50460.0
2026-01-26 16:20:00,115090.0,115370.0,115090.0,115280.0,1476,744,980.0,496.0,50314.0
2026-01-26 16:25:00,115260.0,115290.0,115110.0,115180.0,308,191,62.0,246.0,50264.0
2026-01-26 16:30:00,115190.0,115190.0,115040.0,115080.0,278,168,119.0,159.0,50266.0
2026-01-26 16:35:00,115090.0,115120.0,115040.0,115100.0,127,89,98.0,29.0,50318.0
2026-01-26 16:40:00,115120.0,115120.0,115000.0,115080.0,317,146,147.0,170.0,50442.0
2026-01-26 16:45:00,115090.0,115100.0,114940.0,115000.0,346,147,76.0,270.0,50604.0
2026-01-26 16:50:00,114970.0,115120.0,114940.0,115090.0,131,104,79.0,52.0,50634.0
2026-01-26 16:55:00,115090.0,115090.0,114960.0,114980.0,188,96,48.0,140.0,50628.0
2026-01-26 17:00:00,114970.0,115030.0,114510.0,114840.0,2256,1191,950.0,1306.0,50164.0
2026-01-26 17:05:00,114850.0,115090.0,114810.0,115090.0,548,309,349.0,199.0,50450.0
2026-01-26 17:10:00,115090.0,115300.0,115060.0,115160.0,992,456,551.0,441.0,50654.0
2026-01-26 17:15:00,115140.0,115220.0,115120.0,115210.0,137,101,98.0,39.0,50788.0
2026-01-26 17:20:00,115210.0,115230.0,115110.0,115140.0,347,151,146.0,201.0,50830.0
2026-01-26 17:25:00,115160.0,115270.0,115070.0,115090.0,302,113,173.0,129.0,50828.0
2026-01-26 17:30:00,115060.0,115090.0,114970.0,115030.0,192,146,57.0,135.0,50782.0
2026-01-26 17:35:00,115040.0,115230.0,115030.0,115160.0,337,231,202.0,135.0,50816.0
2026-01-26 17:40:00,115170.0,115210.0,115110.0,115140.0,120,86,76.0,44.0,50868.0
2026-01-26 17:45:00,115130.0,115160.0,114940.0,114940.0,311,198,72.0,239.0,50668.0
2026-01-26 17:50:00,114940.0,115080.0,114870.0,114930.0,261,186,146.0,115.0,50786.0
2026-01-26 17:55:00,114920.0,115180.0,114920.0,115150.0,230,168,157.0,73.0,50818.0
2026-01-26 18:00:00,115120.0,115180.0,114860.0,114900.0,218,173,77.0,141.0,50870.0
2026-01-26 18:05:00,114880.0,114890.0,114630.0,114710.0,911,535,352.0,559.0,50596.0
2026-01-26 18:10:00,114710.0,114800.0,114570.0,114600.0,530,251,169.0,361.0,50568.0
2026-01-26 18:15:00,114580.0,114640.0,114320.0,114500.0,1255,746,448.0,807.0,50270.0
2026-01-26 18:20:00,114480.0,114500.0,114380.0,114420.0,248,134,94.0,154.0,50222.0
2026-01-26 18:25:00,114400.0,114420.0,114250.0,114290.0,666,325,240.0,426.0,50162.0
2026-01-26 18:30:00,114270.0,114310.0,114050.0,114250.0,1560,857,575.0,985.0,50104.0
2026-01-26 18:35:00,114240.0,114310.0,114210.0,114270.0,332,166,223.0,109.0,50238.0
2026-01-26 18:40:00,114280.0,114480.0,114250.0,114470.0,553,228,372.0,181.0,49812.0
2026-01-26 18:45:00,114460.0,114490.0,114430.0,114440.0,175,97,60.0,115.0,49808.0
2026-01-26 19:05:00,114490.0,114580.0,114330.0,114420.0,247,205,131.0,116.0,49750.0
2026-01-26 19:10:00,114410.0,114580.0,114410.0,114510.0,191,94,69.0,122.0,49874.0
2026-01-26 19:15:00,114510.0,114620.0,114430.0,114610.0,100,74,48.0,52.0,49812.0
2026-01-26 19:20:00,114610.0,114610.0,114500.0,114550.0,92,76,31.0,61.0,49816.0
2026-01-26 19:25:00,114570.0,114600.0,114500.0,114500.0,31,30,12.0,19.0,49794.0
2026-01-26 19:30:00,114520.0,114580.0,114480.0,114570.0,33,29,19.0,14.0,49802.0
2026-01-26 19:35:00,114560.0,114560.0,114450.0,114460.0,54,39,30.0,24.0,49820.0
2026-01-26 19:40:00,114450.0,114480.0,114430.0,114480.0,51,33,13.0,38.0,49804.0
2026-01-26 19:45:00,114470.0,114490.0,114440.0,114490.0,50,33,25.0,25.0,49782.0
2026-01-26 19:50:00,114490.0,114530.0,114470.0,114490.0,87,42,44.0,43.0,49754.0
2026-01-26 19:55:00,114480.0,114490.0,114470.0,114480.0,25,16,17.0,8.0,49718.0
2026-01-26 20:00:00,114480.0,114650.0,114470.0,114630.0,107,74,86.0,21.0,49680.0
2026-01-26 20:05:00,114630.0,114950.0,114630.0,114740.0,750,502,519.0,231.0,49496.0
2026-01-26 20:10:00,114750.0,114870.0,114750.0,114810.0,151,95,95.0,56.0,49482.0
2026-01-26 20:15:00,114820.0,114900.0,114700.0,114870.0,304,206,236.0,68.0,49340.0
2026-01-26 20:20:00,114890.0,114930.0,114840.0,114880.0,124,93,50.0,74.0,49334.0
2026-01-26 20:25:00,114860.0,114910.0,114840.0,114900.0,62,45,36.0,26.0,49302.0
2026-01-26 20:30:00,114910.0,114940.0,114890.0,114940.0,51,31,29.0,22.0,49234.0
2026-01-26 20:35:00,114940.0,115060.0,114940.0,115020.0,393,149,197.0,196.0,49236.0
2026-01-26 20:40:00,115030.0,115040.0,114970.0,114980.0,69,39,19.0,50.0,49204.0
2026-01-26 20:45:00,114970.0,115000.0,114950.0,114950.0,96,49,20.0,76.0,49146.0
2026-01-26 20:50:00,114950.0,114980.0,114920.0,114930.0,51,32,28.0,23.0,49112.0
2026-01-26 20:55:00,114950.0,114950.0,114890.0,114900.0,24,20,7.0,17.0,49094.0
2026-01-26 21:00:00,114890.0,114930.0,114880.0,114930.0,26,20,10.0,16.0,49066.0
2026-01-26 21:05:00,114930.0,114940.0,114820.0,114850.0,100,63,7.0,93.0,48934.0
2026-01-26 21:10:00,114850.0,114870.0,114760.0,114800.0,79,62,25.0,54.0,48940.0
2026-01-26 21:15:00,114800.0,114800.0,114720.0,114720.0,40,32,4.0,36.0,48964.0
2026-01-26 21:20:00,114720.0,114740.0,114700.0,114710.0,189,33,21.0,168.0,48980.0
2026-01-26 21:25:00,114710.0,114770.0,114710.0,114760.0,40,25,23.0,17.0,48980.0
2026-01-26 21:30:00,114780.0,114810.0,114760.0,114770.0,14,13,10.0,4.0,48968.0
2026-01-26 21:35:00,114780.0,114780.0,114740.0,114750.0,21,12,4.0,17.0,48996.0
2026-01-26 21:40:00,114750.0,114750.0,114650.0,114660.0,61,47,11.0,50.0,49034.0
2026-01-26 21:45:00,114660.0,114700.0,114650.0,114700.0,38,26,29.0,9.0,49038.0
2026-01-26 21:50:00,114700.0,114710.0,114670.0,114670.0,14,12,5.0,9.0,49032.0
2026-01-26 21:55:00,114650.0,114670.0,114610.0,114630.0,42,37,8.0,34.0,49044.0
2026-01-26 22:00:00,114660.0,114690.0,114640.0,114650.0,65,51,51.0,14.0,49090.0
2026-01-26 22:05:00,114650.0,114660.0,114650.0,114650.0,6,5,4.0,2.0,49080.0
2026-01-26 22:10:00,114660.0,114690.0,114660.0,114690.0,9,8,3.0,6.0,49080.0
2026-01-26 22:15:00,114650.0,114700.0,114610.0,114690.0,62,25,21.0,41.0,49084.0
2026-01-26 22:20:00,114650.0,114650.0,114510.0,114540.0,96,82,14.0,82.0,49036.0
2026-01-26 22:25:00,114540.0,114580.0,114540.0,114580.0,17,15,11.0,6.0,49050.0
2026-01-26 22:30:00,114580.0,114600.0,114510.0,114580.0,56,48,28.0,28.0,49042.0
2026-01-26 22:35:00,114550.0,114570.0,114510.0,114540.0,18,17,7.0,11.0,49046.0
2026-01-26 22:40:00,114530.0,114560.0,114510.0,114540.0,62,35,50.0,12.0,49106.0
2026-01-26 22:45:00,114560.0,114590.0,114440.0,114490.0,84,60,28.0,56.0,49052.0
2026-01-26 22:50:00,114520.0,114520.0,114360.0,114430.0,99,80,29.0,70.0,49116.0
2026-01-26 22:55:00,114440.0,114480.0,114440.0,114460.0,69,35,52.0,17.0,49196.0
2026-01-26 23:00:00,114470.0,114490.0,114410.0,114410.0,64,39,23.0,41.0,49238.0
2026-01-26 23:05:00,114410.0,114460.0,114370.0,114450.0,145,70,52.0,93.0,49084.0
2026-01-26 23:10:00,114480.0,114480.0,114410.0,114410.0,47,26,5.0,42.0,49128.0
2026-01-26 23:15:00,114370.0,114390.0,114310.0,114350.0,117,64,58.0,59.0,49048.0
2026-01-26 23:20:00,114330.0,114350.0,114320.0,114330.0,33,20,21.0,12.0,49016.0
2026-01-26 23:25:00,114330.0,114330.0,114270.0,114280.0,50,35,20.0,30.0,48998.0
2026-01-26 23:30:00,114320.0,114390.0,114280.0,114370.0,131,71,87.0,44.0,48890.0
2026-01-26 23:35:00,114370.0,114370.0,114290.0,114290.0,81,45,10.0,71.0,48792.0
2026-01-26 23:40:00,114310.0,114350.0,114280.0,114290.0,120,42,34.0,86.0,48670.0
2026-01-26 23:45:00,114290.0,114440.0,114290.0,114430.0,101,52,84.0,17.0,48618.0
2026-01-27 08:55:00,114500.0,114500.0,114500.0,114500.0,8,5,5.0,3.0,48618.0
2026-01-27 09:00:00,114460.0,114620.0,114310.0,114380.0,286,217,164.0,122.0,48764.0
2026-01-27 09:05:00,114380.0,114580.0,114370.0,114540.0,275,127,164.0,111.0,48960.0
2026-01-27 09:10:00,114550.0,114740.0,114550.0,114580.0,306,213,219.0,87.0,48928.0
2026-01-27 09:15:00,114590.0,114620.0,114540.0,114600.0,201,120,141.0,60.0,49146.0
2026-01-27 09:20:00,114570.0,114680.0,114500.0,114680.0,205,125,103.0,102.0,49222.0
2026-01-27 09:25:00,114660.0,114690.0,114590.0,114610.0,139,85,56.0,83.0,49174.0
2026-01-27 09:30:00,114620.0,114640.0,114530.0,114630.0,135,75,77.0,58.0,49202.0
2026-01-27 09:35:00,114610.0,114620.0,114500.0,114510.0,142,93,47.0,95.0,49176.0
2026-01-27 09:40:00,114490.0,114510.0,114410.0,114440.0,275,129,44.0,231.0,49108.0
2026-01-27 09:45:00,114450.0,114510.0,114400.0,114470.0,178,105,119.0,59.0,49236.0
2026-01-27 09:50:00,114470.0,114470.0,114400.0,114410.0,71,47,24.0,47.0,49270.0
2026-01-27 09:55:00,114410.0,114500.0,114400.0,114450.0,102,76,66.0,36.0,49320.0
2026-01-27 10:00:00,114440.0,114460.0,114110.0,114420.0,1192,783,536.0,656.0,49540.0
2026-01-27 10:05:00,114400.0,114610.0,114350.0,114610.0,838,529,487.0,351.0,49376.0
2026-01-27 10:10:00,114620.0,114790.0,114450.0,114490.0,1162,762,628.0,534.0,49180.0
2026-01-27 10:15:00,114530.0,114770.0,114500.0,114560.0,576,358,351.0,225.0,49292.0
2026-01-27 10:20:00,114540.0,114840.0,114540.0,114770.0,417,255,221.0,196.0,49270.0
2026-01-27 10:25:00,114810.0,114900.0,114750.0,114790.0,693,380,320.0,373.0,49060.0
2026-01-27 10:30:00,114780.0,114840.0,114560.0,114570.0,567,384,183.0,384.0,49146.0
2026-01-27 10:35:00,114590.0,114600.0,114460.0,114580.0,795,420,244.0,551.0,49158.0
2026-01-27 10:40:00,114550.0,114640.0,114520.0,114550.0,161,104,107.0,54.0,49242.0
2026-01-27 10:45:00,114530.0,114570.0,114410.0,114520.0,347,221,179.0,168.0,49340.0
2026-01-27 10:50:00,114510.0,114650.0,114470.0,114550.0,337,243,162.0,175.0,49196.0
2026-01-27 10:55:00,114590.0,114710.0,114570.0,114660.0,143,97,86.0,57.0,49176.0
2026-01-27 11:00:00,114670.0,114720.0,114520.0,114520.0,465,255,204.0,261.0,49256.0
2026-01-27 11:05:00,114510.0,114570.0,114220.0,114230.0,857,488,316.0,541.0,49260.0
2026-01-27 11:10:00,114240.0,114450.0,114230.0,114370.0,458,210,283.0,175.0,49266.0
2026-01-27 11:15:00,114360.0,114580.0,114340.0,114560.0,559,355,349.0,210.0,49410.0
2026-01-27 11:20:00,114570.0,114650.0,114520.0,114630.0,171,119,83.0,88.0,49362.0
2026-01-27 11:25:00,114640.0,114770.0,114590.0,114750.0,310,202,213.0,97.0,49396.0
2026-01-27 11:30:00,114750.0,114870.0,114660.0,114710.0,565,314,329.0,236.0,49364.0
2026-01-27 11:35:00,114740.0,114960.0,114710.0,114940.0,724,278,588.0,136.0,49098.0
2026-01-27 11:40:00,114950.0,114950.0,114780.0,114780.0,397,122,68.0,329.0,48910.0
2026-01-27 11:45:00,114810.0,114900.0,114770.0,114900.0,365,182,215.0,150.0,48952.0
2026-01-27 11:50:00,114890.0,114940.0,114810.0,114900.0,537,239,412.0,125.0,49090.0
2026-01-27 11:55:00,114900.0,114900.0,114720.0,114840.0,474,153,81.0,393.0,48820.0
2026-01-27 12:00:00,114870.0,114990.0,114770.0,114810.0,484,225,288.0,196.0,48698.0
2026-01-27 12:05:00,114810.0,114940.0,114810.0,114890.0,180,86,128.0,52.0,48776.0
2026-01-27 12:10:00,114890.0,114900.0,114730.0,114730.0,303,164,79.0,224.0,48830.0
2026-01-27 12:15:00,114740.0,114780.0,114610.0,114640.0,484,289,220.0,264.0,48846.0
2026-01-27 12:20:00,114620.0,114690.0,114570.0,114680.0,181,97,71.0,110.0,48892.0
2026-01-27 12:25:00,114680.0,114780.0,114580.0,114600.0,237,171,113.0,124.0,48940.0
2026-01-27 12:30:00,114600.0,114770.0,114590.0,114760.0,158,101,101.0,57.0,48946.0
2026-01-27 12:35:00,114780.0,114940.0,114780.0,114860.0,367,223,207.0,160.0,48980.0
2026-01-27 12:40:00,114870.0,114920.0,114750.0,114850.0,371,198,196.0,175.0,48964.0
2026-01-27 12:45:00,114870.0,114960.0,114810.0,114950.0,157,105,83.0,74.0,48962.0
2026-01-27 12:50:00,114960.0,115140.0,114960.0,115050.0,1136,442,787.0,349.0,48856.0
2026-01-27 12:55:00,115040.0,115110.0,114950.0,115100.0,479,188,353.0,126.0,48914.0
2026-01-27 13:00:00,115100.0,115240.0,115090.0,115200.0,659,353,374.0,285.0,48654.0
2026-01-27 13:05:00,115200.0,115290.0,115100.0,115290.0,573,263,321.0,252.0,48864.0
2026-01-27 13:10:00,115300.0,115420.0,115260.0,115330.0,748,433,408.0,340.0,49052.0
2026-01-27 13:15:00,115320.0,115430.0,115300.0,115400.0,335,204,198.0,137.0,48962.0
2026-01-27 13:20:00,115410.0,115430.0,115230.0,115230.0,323,167,77.0,246.0,49068.0
2026-01-27 13:25:00,115230.0,115240.0,115140.0,115190.0,136,90,47.0,89.0,49014.0
2026-01-27 13:30:00,115190.0,115200.0,115010.0,115050.0,298,180,115.0,183.0,48920.0
2026-01-27 13:35:00,115020.0,115110.0,114960.0,115030.0,301,158,115.0,186.0,48830.0
2026-01-27 13:40:00,115040.0,115110.0,115000.0,115090.0,131,78,107.0,24.0,48770.0
2026-01-27 13:45:00,115110.0,115240.0,115090.0,115210.0,300,195,229.0,71.0,48926.0
2026-01-27 13:50:00,115230.0,115260.0,115140.0,115190.0,204,118,105.0,99.0,49038.0
2026-01-27 13:55:00,115220.0,115380.0,115170.0,115200.0,847,434,614.0,233.0,49606.0
2026-01-27 14:05:00,115210.0,115440.0,115210.0,115320.0,588,310,361.0,227.0,49688.0
2026-01-27 14:10:00,115320.0,115340.0,115210.0,115290.0,250,184,71.0,179.0,49678.0
2026-01-27 14:15:00,115290.0,115490.0,115280.0,115320.0,1118,479,838.0,280.0,49968.0
2026-01-27 14:20:00,115310.0,115410.0,115230.0,115410.0,299,178,176.0,123.0,49928.0
2026-01-27 14:25:00,115410.0,115500.0,115330.0,115490.0,596,293,296.0,300.0,49714.0
2026-01-27 14:30:00,115480.0,115740.0,115480.0,115640.0,1149,580,780.0,369.0,49576.0
2026-01-27 14:35:00,115660.0,115690.0,115610.0,115650.0,253,155,100.0,153.0,49542.0
2026-01-27 14:40:00,115660.0,115700.0,115550.0,115610.0,339,211,181.0,158.0,49608.0
2026-01-27 14:45:00,115610.0,115680.0,115450.0,115450.0,255,169,116.0,139.0,49638.0
2026-01-27 14:50:00,115480.0,115510.0,115310.0,115420.0,581,334,210.0,371.0,49408.0
2026-01-27 14:55:00,115400.0,115470.0,115390.0,115400.0,106,64,49.0,57.0,49386.0
2026-01-27 15:00:00,115410.0,115420.0,115310.0,115360.0,272,141,126.0,146.0,49350.0
2026-01-27 15:05:00,115330.0,115410.0,115270.0,115390.0,208,137,112.0,96.0,49316.0
2026-01-27 15:10:00,115370.0,115420.0,115310.0,115320.0,123,74,63.0,60.0,49284.0
2026-01-27 15:15:00,115320.0,115330.0,115270.0,115280.0,96,62,53.0,43.0,49272.0
2026-01-27 15:20:00,115280.0,115280.0,115190.0,115260.0,225,129,76.0,149.0,49206.0
2026-01-27 15:25:00,115240.0,115310.0,115240.0,115310.0,158,92,146.0,12.0,49228.0
2026-01-27 15:30:00,115300.0,115480.0,115200.0,115420.0,395,241,288.0,107.0,49222.0
2026-01-27 15:35:00,115380.0,115460.0,115380.0,115400.0,92,65,37.0,55.0,49218.0
2026-01-27 15:40:00,115400.0,115470.0,115380.0,115390.0,148,98,77.0,71.0,49290.0
2026-01-27 15:45:00,115390.0,115500.0,115330.0,115490.0,207,124,89.0,118.0,49304.0
2026-01-27 15:50:00,115470.0,115530.0,115400.0,115500.0,104,59,54.0,50.0,49320.0
2026-01-27 15:55:00,115500.0,115500.0,115400.0,115410.0,304,135,87.0,217.0,49386.0
2026-01-27 16:00:00,115420.0,115550.0,115350.0,115360.0,312,169,166.0,146.0,49448.0
2026-01-27 16:05:00,115390.0,115410.0,115300.0,115410.0,226,101,123.0,103.0,49632.0
2026-01-27 16:10:00,115400.0,115490.0,115350.0,115370.0,169,97,56.0,113.0,49610.0
2026-01-27 16:15:00,115420.0,115820.0,115420.0,115760.0,1060,546,830.0,230.0,49654.0
2026-01-27 16:20:00,115800.0,115840.0,115560.0,115610.0,539,246,203.0,336.0,49516.0
2026-01-27 16:25:00,115610.0,115760.0,115610.0,115670.0,344,166,173.0,171.0,49552.0
2026-01-27 16:30:00,115670.0,115790.0,115670.0,115750.0,171,114,108.0,63.0,49530.0
2026-01-27 16:35:00,115730.0,115810.0,115720.0,115770.0,252,135,139.0,113.0,49568.0
2026-01-27 16:40:00,115780.0,115790.0,115650.0,115780.0,263,109,151.0,112.0,49762.0
2026-01-27 16:45:00,115780.0,115880.0,115780.0,115840.0,260,176,154.0,106.0,49708.0
2026-01-27 16:50:00,115840.0,115880.0,115730.0,115880.0,199,100,112.0,87.0,49672.0
2026-01-27 16:55:00,115890.0,115960.0,115760.0,115950.0,504,290,253.0,251.0,49842.0
2026-01-27 17:00:00,115950.0,116190.0,115920.0,116140.0,1363,708,1081.0,282.0,49702.0
2026-01-27 17:05:00,116140.0,116200.0,115970.0,115970.0,636,406,248.0,388.0,49800.0
2026-01-27 17:10:00,115980.0,116060.0,115960.0,115970.0,346,166,236.0,110.0,50066.0
2026-01-27 17:15:00,116010.0,116120.0,116010.0,116080.0,247,167,139.0,108.0,50000.0
2026-01-27 17:20:00,116090.0,116120.0,115870.0,115880.0,589,316,121.0,468.0,49832.0
2026-01-27 17:25:00,115890.0,116050.0,115870.0,116000.0,413,191,300.0,113.0,49938.0
2026-01-27 17:30:00,116000.0,116200.0,115990.0,116170.0,430,250,340.0,90.0,49972.0
2026-01-27 17:35:00,116190.0,116190.0,116060.0,116060.0,226,159,68.0,158.0,50034.0
2026-01-27 17:40:00,116080.0,116210.0,116080.0,116160.0,288,163,97.0,191.0,49882.0
2026-01-27 17:45:00,116180.0,116240.0,116120.0,116130.0,320,203,135.0,185.0,49942.0
2026-01-27 17:50:00,116140.0,116170.0,116090.0,116140.0,275,165,173.0,102.0,50038.0
2026-01-27 17:55:00,116130.0,116180.0,116050.0,116080.0,186,131,52.0,134.0,50078.0
2026-01-27 18:00:00,116060.0,116290.0,116060.0,116260.0,432,234,283.0,149.0,49928.0
2026-01-27 18:05:00,116260.0,116290.0,116090.0,116140.0,403,182,70.0,333.0,50118.0
2026-01-27 18:10:00,116120.0,116150.0,116060.0,116070.0,94,71,19.0,75.0,50152.0
2026-01-27 18:15:00,116080.0,116230.0,116080.0,116200.0,104,79,70.0,34.0,50138.0
2026-01-27 18:20:00,116200.0,116250.0,116140.0,116160.0,210,154,85.0,125.0,50180.0
2026-01-27 18:25:00,116160.0,116250.0,116140.0,116220.0,177,121,94.0,83.0,50188.0
2026-01-27 18:30:00,116200.0,116350.0,116200.0,116210.0,499,323,274.0,225.0,50452.0
2026-01-27 18:35:00,116240.0,116290.0,116070.0,116110.0,315,203,137.0,178.0,50428.0
2026-01-27 18:40:00,116140.0,116260.0,116140.0,116260.0,138,105,97.0,41.0,50348.0
2026-01-27 18:45:00,116260.0,116290.0,116190.0,116280.0,147,108,110.0,37.0,50336.0
2026-01-27 19:05:00,116330.0,116500.0,116220.0,116380.0,720,380,538.0,182.0,50914.0
2026-01-27 19:10:00,116380.0,116440.0,116340.0,116440.0,128,75,88.0,40.0,50950.0
2026-01-27 19:15:00,116440.0,116550.0,116300.0,116310.0,652,343,301.0,351.0,50924.0
2026-01-27 19:20:00,116300.0,116390.0,116300.0,116330.0,52,33,32.0,20.0,50918.0
2026-01-27 19:25:00,116310.0,116320.0,116220.0,116220.0,130,84,33.0,97.0,50934.0
2026-01-27 19:30:00,116240.0,116320.0,116180.0,116300.0,171,110,119.0,52.0,50918.0
2026-01-27 19:35:00,116320.0,116350.0,116300.0,116330.0,49,29,34.0,15.0,50976.0
2026-01-27 19:40:00,116350.0,116380.0,116300.0,116300.0,54,29,15.0,39.0,50964.0
2026-01-27 19:45:00,116310.0,116340.0,116250.0,116250.0,84,58,15.0,69.0,51024.0
2026-01-27 19:50:00,116270.0,116310.0,116220.0,116220.0,50,30,35.0,15.0,50988.0
2026-01-27 19:55:00,116240.0,116250.0,116210.0,116240.0,47,38,37.0,10.0,50988.0
2026-01-27 20:00:00,116250.0,116290.0,116230.0,116230.0,85,39,43.0,42.0,50978.0
2026-01-27 20:05:00,116250.0,116270.0,116250.0,116260.0,18,12,9.0,9.0,50974.0
2026-01-27 20:10:00,116250.0,116380.0,116130.0,116170.0,401,264,216.0,185.0,50998.0
2026-01-27 20:15:00,116220.0,116290.0,116180.0,116290.0,83,56,44.0,39.0,51016.0
2026-01-27 20:20:00,116280.0,116280.0,116240.0,116270.0,49,29,31.0,18.0,50998.0
2026-01-27 20:25:00,116250.0,116340.0,116250.0,116280.0,43,33,20.0,23.0,51008.0
2026-01-27 20:30:00,116250.0,116250.0,116200.0,116220.0,31,14,9.0,22.0,51016.0
2026-01-27 20:35:00,116210.0,116240.0,116200.0,116220.0,37,22,16.0,21.0,51018.0
2026-01-27 20:40:00,116230.0,116240.0,116220.0,116220.0,23,15,12.0,11.0,51010.0
2026-01-27 20:45:00,116230.0,116240.0,116200.0,116200.0,55,22,15.0,40.0,51040.0
2026-01-27 20:50:00,116220.0,116220.0,116200.0,116210.0,31,16,5.0,26.0,51010.0
2026-01-27 20:55:00,116240.0,116430.0,116220.0,116360.0,267,167,202.0,65.0,51026.0
2026-01-27 21:00:00,116340.0,116350.0,116220.0,116320.0,76,65,26.0,50.0,51042.0
2026-01-27 21:05:00,116320.0,116360.0,116320.0,116330.0,80,42,40.0,40.0,51046.0
2026-01-27 21:10:00,116350.0,116410.0,116350.0,116400.0,107,72,74.0,33.0,51028.0
2026-01-27 21:15:00,116390.0,116440.0,116390.0,116410.0,62,40,37.0,25.0,51006.0
2026-01-27 21:20:00,116420.0,116420.0,116380.0,116390.0,51,36,40.0,11.0,51010.0
2026-01-27 21:25:00,116430.0,116430.0,116410.0,116420.0,26,17,6.0,20.0,51000.0
2026-01-27 21:30:00,116410.0,116410.0,116350.0,116400.0,21,15,2.0,19.0,50998.0
2026-01-27 21:35:00,116380.0,116420.0,116380.0,116400.0,124,21,15.0,109.0,51110.0
2026-01-27 21:40:00,116420.0,116430.0,116410.0,116410.0,16,11,4.0,12.0,51098.0
2026-01-27 21:45:00,116410.0,116470.0,116390.0,116470.0,275,89,221.0,54.0,50936.0
2026-01-27 21:50:00,116490.0,116550.0,116480.0,116490.0,105,76,87.0,18.0,50934.0
2026-01-27 21:55:00,116510.0,116590.0,116510.0,116550.0,163,75,63.0,100.0,50898.0
2026-01-27 22:00:00,116560.0,116560.0,116490.0,116520.0,136,56,48.0,88.0,51012.0
2026-01-27 22:05:00,116520.0,116570.0,116510.0,116570.0,181,90,155.0,26.0,51044.0
2026-01-27 22:10:00,116570.0,116570.0,116530.0,116560.0,44,24,11.0,33.0,51070.0
2026-01-27 22:15:00,116560.0,116570.0,116550.0,116550.0,31,24,7.0,24.0,51090.0
2026-01-27 22:20:00,116560.0,116570.0,116530.0,116540.0,80,34,53.0,27.0,51136.0
2026-01-27 22:25:00,116540.0,116550.0,116540.0,116550.0,18,11,5.0,13.0,51132.0
2026-01-27 22:30:00,116550.0,116590.0,116530.0,116570.0,68,37,55.0,13.0,51076.0
2026-01-27 22:35:00,116590.0,116590.0,116560.0,116590.0,26,20,21.0,5.0,51088.0
2026-01-27 22:40:00,116580.0,116580.0,116540.0,116560.0,18,11,3.0,15.0,51092.0
2026-01-27 22:45:00,116550.0,116590.0,116540.0,116580.0,190,86,140.0,50.0,51238.0
2026-01-27 22:50:00,116570.0,116640.0,116570.0,116640.0,109,50,96.0,13.0,51258.0
2026-01-27 22:55:00,116640.0,116710.0,116630.0,116710.0,203,101,173.0,30.0,51504.0
2026-01-27 23:00:00,116680.0,116720.0,116630.0,116680.0,235,97,170.0,65.0,51652.0
2026-01-27 23:05:00,116670.0,116750.0,116660.0,116680.0,582,170,238.0,344.0,52418.0
2026-01-27 23:10:00,116660.0,116730.0,116660.0,116690.0,66,31,43.0,23.0,52366.0
2026-01-27 23:15:00,116720.0,116770.0,116680.0,116710.0,114,65,85.0,29.0,52386.0
2026-01-27 23:20:00,116740.0,116740.0,116630.0,116640.0,218,81,113.0,105.0,52464.0
2026-01-27 23:25:00,116630.0,116640.0,116560.0,116590.0,78,53,34.0,44.0,52494.0
2026-01-27 23:30:00,116570.0,116590.0,116540.0,116550.0,118,57,13.0,105.0,52516.0
2026-01-27 23:35:00,116570.0,116580.0,116560.0,116570.0,28,23,21.0,7.0,52482.0
2026-01-27 23:40:00,116560.0,116570.0,116390.0,116410.0,280,120,33.0,247.0,52158.0
2026-01-27 23:45:00,116410.0,116500.0,116390.0,116410.0,203,69,115.0,88.0,51906.0
2026-01-28 08:55:00,116530.0,116530.0,116530.0,116530.0,6,5,6.0,,51904.0
2026-01-28 09:00:00,116570.0,116690.0,116450.0,116650.0,598,365,308.0,290.0,52160.0
2026-01-28 09:05:00,116660.0,116710.0,116470.0,116600.0,389,224,196.0,193.0,52256.0
2026-01-28 09:10:00,116580.0,116660.0,116530.0,116580.0,162,97,111.0,51.0,52164.0
2026-01-28 09:15:00,116590.0,116640.0,116560.0,116620.0,46,32,15.0,31.0,52198.0
2026-01-28 09:20:00,116630.0,116840.0,116590.0,116760.0,549,261,475.0,74.0,52478.0
2026-01-28 09:25:00,116760.0,117000.0,116730.0,116910.0,734,355,376.0,358.0,52718.0
2026-01-28 09:30:00,116930.0,116950.0,116820.0,116860.0,228,140,59.0,169.0,52700.0
2026-01-28 09:35:00,116880.0,116920.0,116810.0,116880.0,92,75,45.0,47.0,52692.0
2026-01-28 09:40:00,116900.0,116930.0,116830.0,116860.0,125,77,97.0,28.0,52636.0
2026-01-28 09:45:00,116870.0,116900.0,116780.0,116800.0,208,125,70.0,138.0,52732.0
2026-01-28 09:50:00,116750.0,116790.0,116720.0,116770.0,102,78,28.0,74.0,52744.0
2026-01-28 09:55:00,116760.0,116960.0,116720.0,116900.0,332,207,178.0,154.0,52768.0
2026-01-28 10:00:00,116880.0,117140.0,116800.0,117070.0,1390,825,801.0,589.0,52874.0
2026-01-28 10:05:00,117080.0,117300.0,116900.0,117220.0,1086,664,549.0,537.0,52878.0
2026-01-28 10:10:00,117250.0,117290.0,116950.0,116990.0,1417,680,502.0,915.0,52868.0
2026-01-28 10:15:00,116980.0,117070.0,116900.0,116980.0,819,375,402.0,417.0,52466.0
2026-01-28 10:20:00,116990.0,117200.0,116870.0,117180.0,799,465,536.0,263.0,52266.0
2026-01-28 10:25:00,117180.0,117240.0,117090.0,117110.0,788,362,390.0,398.0,52246.0
2026-01-28 10:30:00,117120.0,117140.0,116750.0,116840.0,672,452,240.0,432.0,52062.0
2026-01-28 10:35:00,116830.0,116880.0,116670.0,116710.0,454,301,199.0,255.0,51966.0
2026-01-28 10:40:00,116690.0,116720.0,116580.0,116610.0,708,392,351.0,357.0,51720.0
2026-01-28 10:45:00,116600.0,116650.0,116520.0,116610.0,610,337,304.0,306.0,51578.0
2026-01-28 10:50:00,116610.0,116680.0,116550.0,116590.0,356,228,202.0,154.0,51514.0
2026-01-28 10:55:00,116580.0,116610.0,116430.0,116610.0,762,417,322.0,440.0,51264.0
2026-01-28 11:00:00,116610.0,116740.0,116550.0,116740.0,560,301,330.0,230.0,51486.0
2026-01-28 11:05:00,116730.0,116740.0,116570.0,116630.0,269,168,90.0,179.0,51434.0
2026-01-28 11:10:00,116620.0,116630.0,116540.0,116580.0,242,159,108.0,134.0,51482.0
2026-01-28 11:15:00,116590.0,116600.0,116370.0,116470.0,731,482,169.0,562.0,51494.0
2026-01-28 11:20:00,116480.0,116580.0,116240.0,116570.0,1065,535,425.0,640.0,51094.0
2026-01-28 11:25:00,116580.0,116690.0,116470.0,116640.0,1374,495,908.0,466.0,49932.0
2026-01-28 11:30:00,116630.0,116650.0,116530.0,116560.0,288,155,66.0,222.0,49758.0
2026-01-28 11:35:00,116560.0,116670.0,116480.0,116640.0,267,174,158.0,109.0,49814.0
2026-01-28 11:40:00,116610.0,116650.0,116420.0,116420.0,251,166,58.0,193.0,49758.0
2026-01-28 11:45:00,116430.0,116520.0,116380.0,116500.0,309,162,183.0,126.0,49786.0
2026-01-28 11:50:00,116470.0,116510.0,116320.0,116480.0,292,170,113.0,179.0,49682.0
2026-01-28 11:55:00,116480.0,116590.0,116400.0,116440.0,152,117,71.0,81.0,49706.0
2026-01-28 12:00:00,116430.0,116510.0,116330.0,116480.0,226,161,125.0,101.0,49716.0
2026-01-28 12:05:00,116460.0,116500.0,116200.0,116260.0,1258,738,377.0,881.0,49178.0
2026-01-28 12:10:00,116270.0,116370.0,116240.0,116280.0,210,131,73.0,137.0,49136.0
2026-01-28 12:15:00,116280.0,116340.0,116190.0,116200.0,373,229,161.0,212.0,49008.0
2026-01-28 12:20:00,116190.0,116380.0,116090.0,116350.0,844,511,374.0,470.0,48940.0
2026-01-28 12:25:00,116360.0,116390.0,116280.0,116330.0,165,119,103.0,62.0,48998.0
2026-01-28 12:30:00,116310.0,116450.0,116250.0,116380.0,333,206,186.0,147.0,48858.0
2026-01-28 12:35:00,116360.0,116360.0,116210.0,116250.0,142,113,39.0,103.0,48890.0
2026-01-28 12:40:00,116260.0,116330.0,116150.0,116290.0,177,130,100.0,77.0,48840.0
2026-01-28 12:45:00,116260.0,116410.0,116250.0,116330.0,142,100,57.0,85.0,48896.0
2026-01-28 12:50:00,116320.0,116330.0,116240.0,116300.0,75,54,46.0,29.0,48852.0
2026-01-28 12:55:00,116290.0,116350.0,116260.0,116310.0,187,69,148.0,39.0,48846.0
2026-01-28 13:00:00,116280.0,116370.0,116240.0,116280.0,119,75,49.0,70.0,48840.0
2026-01-28 13:05:00,116290.0,116340.0,116250.0,116330.0,43,37,27.0,16.0,48838.0
2026-01-28 13:10:00,116320.0,116550.0,116300.0,116510.0,458,324,303.0,155.0,48738.0
2026-01-28 13:15:00,116470.0,116470.0,116400.0,116430.0,184,124,53.0,131.0,48704.0
2026-01-28 13:20:00,116400.0,116450.0,116280.0,116330.0,305,140,79.0,226.0,48586.0
2026-01-28 13:25:00,116310.0,116370.0,116290.0,116340.0,161,109,61.0,100.0,48560.0
2026-01-28 13:30:00,116360.0,116420.0,116320.0,116340.0,238,149,105.0,133.0,48586.0
2026-01-28 13:35:00,116360.0,116370.0,116210.0,116320.0,247,161,119.0,128.0,48586.0
2026-01-28 13:40:00,116290.0,116290.0,116220.0,116270.0,50,44,25.0,25.0,48586.0
2026-01-28 13:45:00,116250.0,116390.0,116250.0,116350.0,277,125,210.0,67.0,48476.0
2026-01-28 13:50:00,116340.0,116400.0,116310.0,116370.0,124,68,72.0,52.0,48454.0
2026-01-28 13:55:00,116360.0,116400.0,116210.0,116250.0,134,77,34.0,100.0,48482.0
2026-01-28 14:05:00,116240.0,116260.0,116100.0,116230.0,228,175,83.0,145.0,48494.0
2026-01-28 14:10:00,116210.0,116370.0,116190.0,116370.0,180,139,121.0,59.0,48484.0
2026-01-28 14:15:00,116340.0,116370.0,116280.0,116320.0,126,102,66.0,60.0,48468.0
2026-01-28 14:20:00,116300.0,116340.0,116230.0,116340.0,258,133,56.0,202.0,48228.0
2026-01-28 14:25:00,116300.0,116360.0,116000.0,116020.0,627,349,108.0,519.0,47924.0
2026-01-28 14:30:00,116020.0,116200.0,115860.0,115920.0,993,610,413.0,580.0,47766.0
2026-01-28 14:35:00,115910.0,115950.0,115730.0,115810.0,785,391,282.0,503.0,47594.0
2026-01-28 14:40:00,115780.0,115890.0,115760.0,115820.0,220,148,136.0,84.0,47626.0
2026-01-28 14:45:00,115820.0,115820.0,115620.0,115790.0,1291,520,464.0,827.0,47106.0
2026-01-28 14:50:00,115800.0,115820.0,115720.0,115730.0,214,126,62.0,152.0,47066.0
2026-01-28 14:55:00,115720.0,115870.0,115600.0,115610.0,479,291,205.0,274.0,46982.0
2026-01-28 15:00:00,115630.0,115700.0,115490.0,115500.0,1106,644,412.0,694.0,47094.0
2026-01-28 15:05:00,115490.0,115510.0,115330.0,115410.0,995,599,244.0,751.0,47122.0
2026-01-28 15:10:00,115400.0,115650.0,115370.0,115620.0,412,252,305.0,107.0,47036.0
2026-01-28 15:15:00,115630.0,115680.0,115540.0,115650.0,231,168,122.0,109.0,47096.0
2026-01-28 15:20:00,115620.0,115810.0,115540.0,115690.0,1301,793,746.0,555.0,47026.0
2026-01-28 15:25:00,115710.0,115790.0,115660.0,115690.0,161,124,87.0,74.0,47096.0
2026-01-28 15:30:00,115720.0,115740.0,115650.0,115680.0,171,111,77.0,94.0,47094.0
2026-01-28 15:35:00,115670.0,115700.0,115630.0,115690.0,102,78,54.0,48.0,47120.0
2026-01-28 15:40:00,115660.0,115680.0,115570.0,115680.0,206,108,84.0,122.0,47216.0
2026-01-28 15:45:00,115650.0,115710.0,115650.0,115700.0,240,113,118.0,122.0,47440.0
2026-01-28 15:50:00,115700.0,115700.0,115630.0,115660.0,169,92,83.0,86.0,47606.0
2026-01-28 15:55:00,115640.0,115660.0,115570.0,115650.0,184,101,46.0,138.0,47546.0
2026-01-28 16:00:00,115650.0,115730.0,115460.0,115710.0,492,263,231.0,261.0,47482.0
2026-01-28 16:05:00,115710.0,115810.0,115680.0,115810.0,432,205,327.0,105.0,47646.0
2026-01-28 16:10:00,115780.0,115910.0,115770.0,115800.0,359,196,271.0,88.0,47664.0
2026-01-28 16:15:00,115790.0,115810.0,115570.0,115590.0,461,261,224.0,237.0,47540.0
2026-01-28 16:20:00,115610.0,115660.0,115480.0,115520.0,355,215,135.0,220.0,47482.0
2026-01-28 16:25:00,115490.0,115630.0,115470.0,115620.0,141,94,100.0,41.0,47498.0
2026-01-28 16:30:00,115610.0,115650.0,115550.0,115570.0,93,82,48.0,45.0,47508.0
2026-01-28 16:35:00,115560.0,115560.0,115450.0,115460.0,152,114,42.0,110.0,47468.0
2026-01-28 16:40:00,115480.0,115790.0,115460.0,115680.0,776,515,520.0,256.0,47450.0
2026-01-28 16:45:00,115650.0,115690.0,115610.0,115660.0,175,121,105.0,70.0,47440.0
2026-01-28 16:50:00,115640.0,115770.0,115640.0,115710.0,203,109,114.0,89.0,47444.0
2026-01-28 16:55:00,115700.0,115800.0,115700.0,115760.0,328,148,265.0,63.0,47420.0
2026-01-28 17:00:00,115740.0,115850.0,115720.0,115840.0,458,266,383.0,75.0,47374.0
2026-01-28 17:05:00,115810.0,115840.0,115760.0,115800.0,111,81,63.0,48.0,47412.0
2026-01-28 17:10:00,115780.0,115870.0,115770.0,115870.0,110,92,74.0,36.0,47418.0
2026-01-28 17:15:00,115870.0,115910.0,115740.0,115780.0,216,155,94.0,122.0,47484.0
2026-01-28 17:20:00,115750.0,116020.0,115740.0,115970.0,474,298,308.0,166.0,47374.0
2026-01-28 17:25:00,115970.0,116090.0,115930.0,116030.0,709,461,464.0,245.0,47252.0
2026-01-28 17:30:00,116020.0,116050.0,115950.0,115980.0,191,87,50.0,141.0,47248.0
2026-01-28 17:35:00,116010.0,116070.0,115990.0,116020.0,140,94,85.0,55.0,47280.0
2026-01-28 17:40:00,116060.0,116110.0,116040.0,116070.0,144,86,81.0,63.0,47298.0
2026-01-28 17:45:00,116090.0,116210.0,116050.0,116140.0,444,308,288.0,156.0,47182.0
2026-01-28 17:50:00,116130.0,116180.0,116070.0,116140.0,213,172,184.0,29.0,47468.0
2026-01-28 17:55:00,116140.0,116200.0,116120.0,116160.0,138,77,58.0,80.0,47482.0
2026-01-28 18:00:00,116140.0,116270.0,116140.0,116210.0,267,167,156.0,111.0,47540.0
2026-01-28 18:05:00,116210.0,116240.0,115940.0,115950.0,544,279,100.0,444.0,47436.0
2026-01-28 18:10:00,115950.0,115960.0,115740.0,115760.0,557,352,153.0,404.0,47546.0
2026-01-28 18:15:00,115760.0,115860.0,115710.0,115750.0,440,262,239.0,201.0,47474.0
2026-01-28 18:20:00,115760.0,115930.0,115760.0,115840.0,481,258,367.0,114.0,47482.0
2026-01-28 18:25:00,115840.0,115950.0,115730.0,115820.0,481,251,299.0,182.0,47502.0
2026-01-28 18:30:00,115830.0,115830.0,115690.0,115730.0,477,276,129.0,348.0,47506.0
2026-01-28 18:35:00,115760.0,115760.0,115650.0,115710.0,119,104,44.0,75.0,47536.0
2026-01-28 18:40:00,115680.0,115730.0,115610.0,115680.0,255,171,138.0,117.0,47394.0
2026-01-28 18:45:00,115690.0,115780.0,115690.0,115770.0,143,113,85.0,58.0,47344.0
2026-01-28 19:05:00,115850.0,115870.0,115770.0,115870.0,233,141,193.0,40.0,47278.0
2026-01-28 19:10:00,115880.0,115940.0,115820.0,115820.0,135,78,75.0,60.0,47220.0
2026-01-28 19:15:00,115820.0,115930.0,115820.0,115880.0,91,65,60.0,31.0,47244.0
2026-01-28 19:20:00,115870.0,115940.0,115850.0,115930.0,71,51,45.0,26.0,47200.0
2026-01-28 19:25:00,115940.0,115940.0,115730.0,115810.0,155,139,60.0,95.0,47220.0
2026-01-28 19:30:00,115810.0,115820.0,115550.0,115680.0,293,227,99.0,194.0,47220.0
2026-01-28 19:35:00,115660.0,115740.0,115650.0,115730.0,72,47,53.0,19.0,47206.0
2026-01-28 19:40:00,115720.0,115750.0,115710.0,115750.0,28,24,18.0,10.0,47214.0
2026-01-28 19:45:00,115760.0,115770.0,115680.0,115740.0,146,81,49.0,97.0,47304.0
2026-01-28 19:50:00,115740.0,115820.0,115740.0,115820.0,70,50,47.0,23.0,47286.0
2026-01-28 19:55:00,115810.0,115840.0,115800.0,115830.0,80,59,42.0,38.0,47228.0
2026-01-28 20:00:00,115830.0,115880.0,115810.0,115860.0,51,49,34.0,17.0,47212.0
2026-01-28 20:05:00,115860.0,115860.0,115800.0,115830.0,44,35,24.0,20.0,47238.0
2026-01-28 20:10:00,115800.0,115830.0,115790.0,115820.0,12,11,3.0,9.0,47246.0
2026-01-28 20:15:00,115840.0,115920.0,115840.0,115920.0,111,83,97.0,14.0,47256.0
2026-01-28 20:20:00,115910.0,115920.0,115870.0,115880.0,20,13,6.0,14.0,47252.0
2026-01-28 20:25:00,115910.0,115930.0,115910.0,115930.0,51,25,42.0,9.0,47282.0
2026-01-28 20:30:00,115920.0,115930.0,115900.0,115930.0,18,16,10.0,8.0,47286.0
2026-01-28 20:35:00,115910.0,115920.0,115860.0,115860.0,44,32,21.0,23.0,47280.0
2026-01-28 20:40:00,115840.0,115890.0,115840.0,115890.0,30,27,18.0,12.0,47288.0
2026-01-28 20:45:00,115890.0,115990.0,115890.0,115960.0,124,93,108.0,16.0,47226.0
2026-01-28 20:50:00,115960.0,116020.0,115910.0,116010.0,155,112,81.0,74.0,47158.0
2026-01-28 20:55:00,116010.0,116030.0,115990.0,116020.0,151,100,142.0,9.0,47218.0
2026-01-28 21:00:00,116020.0,116030.0,115990.0,116000.0,66,44,27.0,39.0,47164.0
2026-01-28 21:05:00,116000.0,116000.0,115960.0,115990.0,75,34,25.0,50.0,47172.0
2026-01-28 21:10:00,115970.0,115980.0,115960.0,115960.0,16,11,2.0,14.0,47150.0
2026-01-28 21:15:00,115960.0,116020.0,115960.0,116000.0,43,28,35.0,8.0,47148.0
2026-01-28 21:20:00,115980.0,116000.0,115970.0,115970.0,11,10,7.0,4.0,47144.0
2026-01-28 21:25:00,115960.0,115960.0,115880.0,115880.0,88,57,10.0,78.0,47138.0
2026-01-28 21:30:00,115880.0,115890.0,115660.0,115690.0,312,220,47.0,265.0,46942.0
2026-01-28 21:35:00,115660.0,115670.0,115560.0,115590.0,193,146,59.0,134.0,46984.0
2026-01-28 21:40:00,115590.0,115640.0,115580.0,115600.0,129,56,105.0,24.0,47024.0
2026-01-28 21:45:00,115600.0,115600.0,115580.0,115580.0,91,33,4.0,87.0,47114.0
2026-01-28 21:50:00,115580.0,115600.0,115570.0,115570.0,48,28,23.0,25.0,47134.0
2026-01-28 21:55:00,115550.0,115620.0,115530.0,115530.0,158,96,38.0,120.0,47130.0
2026-01-28 22:00:00,115530.0,115590.0,115510.0,115550.0,109,88,32.0,77.0,47174.0
2026-01-28 22:05:00,115550.0,115570.0,115540.0,115540.0,8,8,5.0,3.0,47172.0
2026-01-28 22:10:00,115540.0,115600.0,115540.0,115600.0,39,28,28.0,11.0,47126.0
2026-01-28 22:15:00,115540.0,115570.0,115540.0,115550.0,12,4,2.0,10.0,47104.0
2026-01-28 22:20:00,115560.0,115620.0,115560.0,115620.0,19,18,15.0,4.0,47092.0
2026-01-28 22:25:00,115610.0,115640.0,115610.0,115620.0,35,26,33.0,2.0,47054.0
2026-01-28 22:30:00,115610.0,115620.0,115560.0,115560.0,66,32,14.0,52.0,47072.0
2026-01-28 22:35:00,115570.0,115670.0,115570.0,115670.0,62,34,61.0,1.0,47084.0
2026-01-28 22:40:00,115680.0,115690.0,115680.0,115680.0,18,10,16.0,2.0,47082.0
2026-01-28 22:45:00,115690.0,115790.0,115680.0,115790.0,115,63,103.0,12.0,46996.0
2026-01-28 22:50:00,115780.0,115790.0,115770.0,115790.0,20,17,6.0,14.0,46980.0
2026-01-28 22:55:00,115800.0,115800.0,115750.0,115750.0,29,18,7.0,22.0,46952.0
2026-01-28 23:00:00,115750.0,115790.0,115740.0,115760.0,62,34,27.0,35.0,46968.0
2026-01-28 23:05:00,115770.0,115800.0,115770.0,115770.0,35,23,33.0,2.0,46976.0
2026-01-28 23:10:00,115770.0,115770.0,115760.0,115760.0,2,2,1.0,1.0,46974.0
2026-01-28 23:15:00,115770.0,115830.0,115770.0,115830.0,29,13,25.0,4.0,46968.0
2026-01-28 23:20:00,115830.0,115850.0,115830.0,115840.0,14,13,11.0,3.0,46970.0
2026-01-28 23:25:00,115830.0,115830.0,115760.0,115760.0,127,41,6.0,121.0,47026.0
2026-01-28 23:30:00,115770.0,115780.0,115660.0,115670.0,144,94,45.0,99.0,47076.0
2026-01-28 23:35:00,115670.0,115690.0,115620.0,115620.0,35,28,9.0,26.0,47034.0
2026-01-28 23:40:00,115630.0,115680.0,115620.0,115620.0,56,29,10.0,46.0,46962.0
2026-01-28 23:45:00,115630.0,115700.0,115600.0,115690.0,126,49,25.0,101.0,46878.0
2026-01-29 08:55:00,115880.0,115880.0,115880.0,115880.0,22,15,22.0,,46910.0
2026-01-29 09:00:00,115890.0,116120.0,115850.0,116020.0,609,497,401.0,208.0,47100.0
2026-01-29 09:05:00,115990.0,116110.0,115960.0,116020.0,354,233,172.0,182.0,47132.0
2026-01-29 09:10:00,116030.0,116060.0,115920.0,115970.0,213,125,61.0,152.0,47280.0
2026-01-29 09:15:00,115970.0,116140.0,115960.0,116140.0,275,208,195.0,80.0,47296.0
2026-01-29 09:20:00,116140.0,116240.0,115950.0,115970.0,505,317,240.0,265.0,47630.0
2026-01-29 09:25:00,115950.0,116270.0,115940.0,116250.0,303,215,230.0,73.0,47698.0
2026-01-29 09:30:00,116250.0,116450.0,116160.0,116400.0,468,320,281.0,187.0,47604.0
2026-01-29 09:35:00,116380.0,116520.0,116250.0,116470.0,556,377,260.0,296.0,47582.0
2026-01-29 09:40:00,116470.0,117240.0,116470.0,116840.0,2438,1480,1516.0,922.0,47920.0
2026-01-29 09:45:00,116850.0,117150.0,116850.0,117010.0,1032,596,626.0,406.0,47822.0
2026-01-29 09:50:00,117010.0,117090.0,116920.0,116940.0,377,229,171.0,206.0,47864.0
2026-01-29 09:55:00,116960.0,116990.0,116760.0,116820.0,698,380,257.0,441.0,47790.0
2026-01-29 10:00:00,116810.0,117390.0,116810.0,117390.0,2538,1327,1848.0,690.0,48636.0
2026-01-29 10:05:00,117390.0,117430.0,117030.0,117030.0,1698,960,755.0,943.0,48812.0
2026-01-29 10:10:00,117050.0,117270.0,117050.0,117260.0,666,418,354.0,312.0,48964.0
2026-01-29 10:15:00,117270.0,117390.0,117170.0,117210.0,953,569,478.0,475.0,49526.0
2026-01-29 10:20:00,117220.0,117570.0,117220.0,117560.0,1547,722,946.0,601.0,49260.0
2026-01-29 10:25:00,117550.0,117880.0,117550.0,117850.0,2919,1335,1693.0,1226.0,50224.0
2026-01-29 10:30:00,117840.0,118210.0,117830.0,118100.0,2100,1148,1162.0,938.0,50586.0
2026-01-29 10:35:00,118100.0,118140.0,117930.0,117930.0,1341,773,575.0,766.0,51336.0
2026-01-29 10:40:00,117950.0,118030.0,117920.0,117920.0,802,378,403.0,399.0,51650.0
2026-01-29 10:45:00,117930.0,117940.0,117570.0,117620.0,1702,890,436.0,1266.0,52022.0
2026-01-29 10:50:00,117620.0,117650.0,117580.0,117600.0,612,331,295.0,317.0,52400.0
2026-01-29 10:55:00,117600.0,117660.0,117380.0,117440.0,1153,559,342.0,811.0,52850.0
2026-01-29 11:00:00,117460.0,117970.0,117440.0,117760.0,1298,781,818.0,480.0,53190.0
2026-01-29 11:05:00,117740.0,117850.0,117490.0,117590.0,735,503,267.0,468.0,53172.0
2026-01-29 11:10:00,117600.0,117650.0,117500.0,117640.0,561,323,312.0,249.0,53114.0
2026-01-29 11:15:00,117650.0,117740.0,117540.0,117590.0,561,358,238.0,323.0,53180.0
2026-01-29 11:20:00,117580.0,117620.0,117490.0,117530.0,282,189,82.0,200.0,53250.0
2026-01-29 11:25:00,117520.0,117620.0,117450.0,117490.0,638,373,309.0,329.0,53454.0
2026-01-29 11:30:00,117500.0,117500.0,117300.0,117390.0,1391,590,420.0,971.0,52968.0
2026-01-29 11:35:00,117370.0,117390.0,117250.0,117300.0,568,324,229.0,339.0,52924.0
2026-01-29 11:40:00,117270.0,117370.0,117250.0,117260.0,404,214,213.0,191.0,52942.0
2026-01-29 11:45:00,117270.0,117340.0,117170.0,117280.0,527,319,295.0,232.0,53022.0
2026-01-29 11:50:00,117300.0,117430.0,117250.0,117370.0,573,287,386.0,187.0,53252.0
2026-01-29 11:55:00,117340.0,117370.0,117300.0,117340.0,299,195,173.0,126.0,53430.0
2026-01-29 12:00:00,117330.0,117410.0,117140.0,117170.0,612,345,284.0,328.0,53462.0
2026-01-29 12:05:00,117170.0,117260.0,117040.0,117260.0,752,402,372.0,380.0,53382.0
2026-01-29 12:10:00,117270.0,117280.0,117180.0,117270.0,188,125,101.0,87.0,53376.0
2026-01-29 12:15:00,117290.0,117650.0,117290.0,117600.0,745,494,528.0,217.0,53482.0
2026-01-29 12:20:00,117610.0,117650.0,117540.0,117590.0,376,186,241.0,135.0,53628.0
2026-01-29 12:25:00,117590.0,117750.0,117520.0,117710.0,440,261,287.0,153.0,53832.0
2026-01-29 12:30:00,117730.0,117840.0,117670.0,117720.0,568,309,260.0,308.0,53998.0
2026-01-29 12:35:00,117740.0,117830.0,117670.0,117770.0,433,239,238.0,195.0,54222.0
2026-01-29 12:40:00,117810.0,117880.0,117710.0,117770.0,382,243,193.0,189.0,54166.0
2026-01-29 12:45:00,117750.0,117800.0,117610.0,117630.0,279,177,96.0,183.0,54252.0
2026-01-29 12:50:00,117670.0,117720.0,117640.0,117640.0,132,91,58.0,74.0,54314.0
2026-01-29 12:55:00,117650.0,117800.0,117650.0,117750.0,206,138,110.0,96.0,54342.0
2026-01-29 13:00:00,117770.0,117920.0,117720.0,117860.0,174,127,120.0,54.0,54340.0
2026-01-29 13:05:00,117860.0,118100.0,117720.0,118050.0,1035,564,636.0,399.0,54740.0
2026-01-29 13:10:00,118040.0,118140.0,117980.0,117990.0,630,363,366.0,264.0,54636.0
2026-01-29 13:15:00,118040.0,118080.0,117920.0,117940.0,381,215,173.0,208.0,54562.0
2026-01-29 13:20:00,117970.0,118470.0,117970.0,118440.0,1621,787,1183.0,438.0,54538.0
2026-01-29 13:25:00,118420.0,118680.0,118420.0,118610.0,1169,700,791.0,378.0,54682.0
2026-01-29 13:30:00,118600.0,118700.0,118440.0,118500.0,991,577,397.0,594.0,55040.0
2026-01-29 13:35:00,118510.0,118620.0,118460.0,118600.0,381,245,229.0,152.0,55126.0
2026-01-29 13:40:00,118610.0,118740.0,118550.0,118550.0,895,537,446.0,449.0,55096.0
2026-01-29 13:45:00,118550.0,118650.0,118530.0,118600.0,446,279,244.0,202.0,55352.0
2026-01-29 13:50:00,118600.0,118700.0,118590.0,118650.0,372,201,207.0,165.0,55402.0
2026-01-29 13:55:00,118650.0,118680.0,118510.0,118570.0,354,204,118.0,236.0,55556.0
2026-01-29 14:05:00,118550.0,118750.0,118490.0,118710.0,964,466,566.0,398.0,56298.0
2026-01-29 14:10:00,118710.0,118790.0,118630.0,118660.0,498,278,284.0,214.0,56700.0
2026-01-29 14:15:00,118690.0,118800.0,118640.0,118790.0,214,147,132.0,82.0,56858.0
2026-01-29 14:20:00,118790.0,118790.0,118530.0,118530.0,364,261,116.0,248.0,56964.0
2026-01-29 14:25:00,118540.0,118700.0,118540.0,118690.0,203,158,123.0,80.0,57106.0
2026-01-29 14:30:00,118710.0,118780.0,118670.0,118700.0,518,317,250.0,268.0,57268.0
2026-01-29 14:35:00,118740.0,118780.0,118680.0,118710.0,213,123,107.0,106.0,57310.0
2026-01-29 14:40:00,118740.0,118830.0,118510.0,118550.0,602,398,285.0,317.0,57330.0
2026-01-29 14:45:00,118530.0,118600.0,118510.0,118570.0,332,208,159.0,173.0,57388.0
2026-01-29 14:50:00,118550.0,118640.0,118460.0,118630.0,258,168,103.0,155.0,57440.0
2026-01-29 14:55:00,118640.0,118740.0,118520.0,118590.0,482,206,299.0,183.0,57680.0
2026-01-29 15:00:00,118600.0,118640.0,118480.0,118610.0,395,178,217.0,178.0,57738.0
2026-01-29 15:05:00,118620.0,118630.0,118400.0,118470.0,744,418,263.0,481.0,57698.0
2026-01-29 15:10:00,118480.0,118760.0,118480.0,118750.0,447,252,348.0,99.0,57692.0
2026-01-29 15:15:00,118760.0,118880.0,118720.0,118810.0,426,274,291.0,135.0,57730.0
2026-01-29 15:20:00,118820.0,118940.0,118800.0,118850.0,446,246,218.0,228.0,57794.0
2026-01-29 15:25:00,118880.0,119000.0,118880.0,118950.0,566,325,337.0,229.0,57874.0
2026-01-29 15:30:00,118950.0,119020.0,118880.0,118880.0,590,314,290.0,300.0,58310.0
2026-01-29 15:35:00,118890.0,118920.0,118710.0,118750.0,273,204,74.0,199.0,58380.0
2026-01-29 15:40:00,118740.0,118760.0,118490.0,118550.0,578,377,186.0,392.0,58394.0
2026-01-29 15:45:00,118540.0,118650.0,118450.0,118520.0,637,344,354.0,283.0,58506.0
2026-01-29 15:50:00,118510.0,118650.0,118460.0,118650.0,354,245,187.0,167.0,58384.0
2026-01-29 15:55:00,118630.0,118720.0,118540.0,118610.0,486,250,220.0,266.0,58424.0
2026-01-29 16:00:00,118620.0,118690.0,118480.0,118510.0,442,239,228.0,214.0,58454.0
2026-01-29 16:05:00,118530.0,118800.0,118520.0,118760.0,725,390,353.0,372.0,58628.0
2026-01-29 16:10:00,118790.0,118820.0,118710.0,118770.0,498,304,212.0,286.0,58810.0
2026-01-29 16:15:00,118770.0,118850.0,118720.0,118720.0,209,154,82.0,127.0,58802.0
2026-01-29 16:20:00,118710.0,118720.0,118500.0,118650.0,706,421,358.0,348.0,58876.0
2026-01-29 16:25:00,118650.0,118840.0,118610.0,118740.0,492,273,284.0,208.0,58894.0
2026-01-29 16:30:00,118730.0,118940.0,118680.0,118850.0,283,187,183.0,100.0,58862.0
2026-01-29 16:35:00,118830.0,118880.0,118710.0,118760.0,234,174,108.0,126.0,58890.0
2026-01-29 16:40:00,118790.0,118940.0,118750.0,118940.0,204,113,100.0,104.0,58906.0
2026-01-29 16:45:00,118940.0,118990.0,118840.0,118840.0,280,162,112.0,168.0,58798.0
2026-01-29 16:50:00,118880.0,119150.0,118880.0,119130.0,738,419,470.0,268.0,58842.0
2026-01-29 16:55:00,119130.0,119440.0,119130.0,119330.0,1640,849,1125.0,515.0,59150.0
2026-01-29 17:00:00,119340.0,119540.0,119330.0,119490.0,1481,706,1044.0,437.0,59598.0
2026-01-29 17:05:00,119470.0,119760.0,119440.0,119520.0,1802,909,846.0,956.0,60236.0
2026-01-29 17:10:00,119540.0,119750.0,119450.0,119650.0,1067,475,610.0,457.0,60318.0
2026-01-29 17:15:00,119670.0,119860.0,119640.0,119810.0,779,467,518.0,261.0,60582.0
2026-01-29 17:20:00,119820.0,120110.0,119770.0,120090.0,1788,818,1076.0,712.0,60458.0
2026-01-29 17:25:00,120100.0,120340.0,120020.0,120300.0,2051,940,1077.0,974.0,60982.0
2026-01-29 17:30:00,120300.0,120430.0,120110.0,120150.0,2143,1007,961.0,1182.0,61444.0
2026-01-29 17:35:00,120150.0,120170.0,119800.0,119850.0,1397,773,401.0,996.0,60778.0
2026-01-29 17:40:00,119860.0,119880.0,119750.0,119840.0,528,331,228.0,300.0,60728.0
2026-01-29 17:45:00,119870.0,120140.0,119870.0,120130.0,1023,516,763.0,260.0,61134.0
2026-01-29 17:50:00,120120.0,120250.0,119990.0,120240.0,587,352,412.0,175.0,61562.0
2026-01-29 17:55:00,120240.0,120250.0,119910.0,119930.0,567,356,201.0,366.0,61562.0
2026-01-29 18:00:00,119930.0,119970.0,119650.0,119690.0,1360,742,475.0,885.0,61468.0
2026-01-29 18:05:00,119700.0,119740.0,119240.0,119400.0,1764,1007,641.0,1123.0,61244.0
2026-01-29 18:10:00,119330.0,119550.0,119070.0,119100.0,1226,745,529.0,697.0,60810.0
2026-01-29 18:15:00,119090.0,119140.0,118530.0,118570.0,2935,1722,1425.0,1510.0,60556.0
2026-01-29 18:20:00,118620.0,118680.0,118410.0,118610.0,1604,1015,704.0,900.0,60388.0
2026-01-29 18:25:00,118620.0,118650.0,118000.0,118060.0,1749,1071,597.0,1152.0,60784.0
2026-01-29 18:30:00,118040.0,118050.0,117600.0,117960.0,3934,2449,1687.0,2247.0,60716.0
2026-01-29 18:35:00,117930.0,118240.0,117830.0,118160.0,954,723,606.0,348.0,60476.0
2026-01-29 18:40:00,118130.0,118260.0,118040.0,118170.0,434,336,247.0,187.0,60288.0
2026-01-29 18:45:00,118160.0,118280.0,118100.0,118110.0,438,276,159.0,279.0,60042.0
2026-01-29 19:05:00,118100.0,118360.0,117930.0,118350.0,1326,729,804.0,522.0,56592.0
2026-01-29 19:10:00,118340.0,118530.0,118220.0,118220.0,1145,533,436.0,709.0,55832.0
2026-01-29 19:15:00,118220.0,118250.0,118020.0,118050.0,494,333,248.0,246.0,55750.0
2026-01-29 19:20:00,118060.0,118160.0,117940.0,118020.0,441,201,162.0,279.0,55834.0
2026-01-29 19:25:00,118020.0,118160.0,117970.0,118160.0,209,136,140.0,69.0,55738.0
2026-01-29 19:30:00,118160.0,118410.0,118150.0,118400.0,480,355,346.0,134.0,55818.0
2026-01-29 19:35:00,118410.0,118490.0,118320.0,118330.0,451,235,194.0,257.0,55712.0
2026-01-29 19:40:00,118330.0,118330.0,118260.0,118290.0,146,105,59.0,87.0,55762.0
2026-01-29 19:45:00,118330.0,118520.0,118300.0,118480.0,539,287,313.0,226.0,55920.0
2026-01-29 19:50:00,118500.0,118550.0,118340.0,118340.0,223,153,102.0,121.0,55980.0
2026-01-29 19:55:00,118380.0,118520.0,118380.0,118510.0,196,107,164.0,32.0,55954.0
2026-01-29 20:00:00,118500.0,118670.0,118480.0,118580.0,408,219,196.0,212.0,56274.0
2026-01-29 20:05:00,118580.0,119100.0,118580.0,119020.0,737,436,555.0,182.0,56484.0
2026-01-29 20:10:00,119020.0,119130.0,118890.0,118900.0,510,354,208.0,302.0,56542.0
2026-01-29 20:15:00,118910.0,119120.0,118710.0,118710.0,388,263,133.0,255.0,56536.0
2026-01-29 20:20:00,118710.0,118730.0,118530.0,118600.0,320,223,76.0,244.0,56538.0
2026-01-29 20:25:00,118560.0,118600.0,118540.0,118600.0,125,80,58.0,67.0,56532.0
2026-01-29 20:30:00,118600.0,118600.0,118440.0,118450.0,433,145,38.0,395.0,56406.0
2026-01-29 20:35:00,118450.0,118540.0,118300.0,118480.0,330,171,101.0,229.0,56470.0
2026-01-29 20:40:00,118480.0,118550.0,118400.0,118420.0,100,65,32.0,68.0,56548.0
2026-01-29 20:45:00,118430.0,118470.0,118300.0,118470.0,177,123,82.0,95.0,56478.0
2026-01-29 20:50:00,118460.0,118480.0,118240.0,118270.0,288,167,92.0,196.0,56392.0
2026-01-29 20:55:00,118290.0,118460.0,118280.0,118460.0,123,94,100.0,23.0,56402.0
2026-01-29 21:00:00,118460.0,118490.0,118350.0,118420.0,214,136,87.0,127.0,56398.0
2026-01-29 21:05:00,118390.0,118490.0,118390.0,118450.0,65,44,32.0,33.0,56418.0
2026-01-29 21:10:00,118470.0,118470.0,118360.0,118400.0,32,23,10.0,22.0,56424.0
2026-01-29 21:15:00,118400.0,118650.0,118400.0,118650.0,273,172,241.0,32.0,56428.0
2026-01-29 21:20:00,118640.0,118680.0,118600.0,118610.0,113,82,85.0,28.0,56474.0
2026-01-29 21:25:00,118640.0,118670.0,118510.0,118590.0,189,96,32.0,157.0,56514.0
2026-01-29 21:30:00,118580.0,118720.0,118570.0,118720.0,72,46,47.0,25.0,56524.0
2026-01-29 21:35:00,118710.0,118780.0,118630.0,118670.0,123,68,82.0,41.0,56476.0
2026-01-29 21:40:00,118660.0,118740.0,118660.0,118740.0,49,28,40.0,9.0,56476.0
2026-01-29 21:45:00,118660.0,118760.0,118630.0,118760.0,64,52,44.0,20.0,56482.0
2026-01-29 21:50:00,118760.0,118770.0,118700.0,118700.0,21,15,11.0,10.0,56482.0
2026-01-29 21:55:00,118750.0,118750.0,118650.0,118650.0,69,38,16.0,53.0,56462.0
2026-01-29 22:00:00,118670.0,118670.0,118550.0,118590.0,107,93,13.0,94.0,56440.0
2026-01-29 22:05:00,118580.0,118750.0,118570.0,118690.0,48,40,37.0,11.0,56418.0
2026-01-29 22:10:00,118660.0,118660.0,118520.0,118560.0,56,46,23.0,33.0,56424.0
2026-01-29 22:15:00,118520.0,118640.0,118490.0,118640.0,90,49,61.0,29.0,56400.0
2026-01-29 22:20:00,118600.0,118600.0,118560.0,118560.0,37,22,3.0,34.0,56398.0
2026-01-29 22:25:00,118530.0,118570.0,118530.0,118570.0,48,28,22.0,26.0,56384.0
2026-01-29 22:30:00,118570.0,118680.0,118510.0,118670.0,124,68,80.0,44.0,56386.0
2026-01-29 22:35:00,118670.0,118890.0,118670.0,118850.0,188,99,160.0,28.0,56474.0
2026-01-29 22:40:00,118840.0,118880.0,118790.0,118810.0,67,45,30.0,37.0,56476.0
2026-01-29 22:45:00,118840.0,118840.0,118760.0,118840.0,68,44,16.0,52.0,56452.0
2026-01-29 22:50:00,118840.0,118970.0,118830.0,118970.0,261,134,210.0,51.0,56516.0
2026-01-29 22:55:00,118970.0,119010.0,118940.0,118990.0,88,52,57.0,31.0,56490.0
2026-01-29 23:00:00,118990.0,119090.0,118940.0,119060.0,180,107,105.0,75.0,56482.0
2026-01-29 23:05:00,119050.0,119250.0,119010.0,119230.0,265,153,130.0,135.0,56438.0
2026-01-29 23:10:00,119240.0,119240.0,119160.0,119160.0,59,50,8.0,51.0,56456.0
2026-01-29 23:15:00,119150.0,119190.0,119090.0,119190.0,90,57,20.0,70.0,56432.0
2026-01-29 23:20:00,119200.0,119280.0,119010.0,119080.0,407,218,111.0,296.0,56128.0
2026-01-29 23:25:00,119070.0,119130.0,118970.0,119060.0,248,141,135.0,113.0,56140.0
2026-01-29 23:30:00,119090.0,119140.0,118980.0,119100.0,106,86,38.0,68.0,56108.0
2026-01-29 23:35:00,119070.0,119120.0,119050.0,119120.0,33,16,24.0,9.0,56100.0
2026-01-29 23:40:00,119140.0,119150.0,119110.0,119130.0,167,53,87.0,80.0,55868.0
2026-01-29 23:45:00,119130.0,119130.0,118870.0,119080.0,314,150,55.0,259.0,55500.0
2026-01-30 08:55:00,119020.0,119020.0,119020.0,119020.0,35,5,,35.0,55570.0
2026-01-30 09:00:00,118880.0,118880.0,118330.0,118650.0,850,691,400.0,450.0,55524.0
2026-01-30 09:05:00,118600.0,118600.0,118350.0,118430.0,437,263,104.0,333.0,55504.0
2026-01-30 09:10:00,118430.0,118450.0,118370.0,118400.0,181,84,66.0,115.0,55540.0
2026-01-30 09:15:00,118400.0,118560.0,118350.0,118530.0,372,209,270.0,102.0,55370.0
2026-01-30 09:20:00,118530.0,118600.0,118510.0,118510.0,153,99,73.0,80.0,55368.0
2026-01-30 09:25:00,118490.0,118680.0,118280.0,118280.0,454,362,168.0,286.0,55386.0
2026-01-30 09:30:00,118300.0,118440.0,118030.0,118190.0,915,589,311.0,604.0,55510.0
2026-01-30 09:35:00,118220.0,118550.0,118220.0,118540.0,448,309,357.0,91.0,55544.0
2026-01-30 09:40:00,118500.0,118500.0,118300.0,118320.0,303,188,97.0,206.0,55528.0
2026-01-30 09:45:00,118320.0,118430.0,118300.0,118360.0,62,53,32.0,30.0,55526.0
2026-01-30 09:50:00,118330.0,118590.0,118310.0,118570.0,177,157,123.0,54.0,55516.0
2026-01-30 09:55:00,118530.0,118640.0,118400.0,118440.0,436,279,212.0,224.0,55592.0
2026-01-30 10:00:00,118450.0,118470.0,118210.0,118380.0,929,652,443.0,486.0,55690.0
2026-01-30 10:05:00,118370.0,118400.0,117910.0,117950.0,1105,606,298.0,807.0,55868.0
2026-01-30 10:10:00,117930.0,117950.0,117770.0,117900.0,1400,719,653.0,747.0,55412.0
2026-01-30 10:15:00,117890.0,118080.0,117820.0,117910.0,1077,595,605.0,472.0,54830.0
2026-01-30 10:20:00,117900.0,117900.0,117600.0,117710.0,1083,573,384.0,699.0,54544.0
2026-01-30 10:25:00,117700.0,117720.0,117540.0,117720.0,767,415,413.0,354.0,54228.0
2026-01-30 10:30:00,117700.0,117970.0,117670.0,117820.0,738,525,515.0,223.0,53934.0
2026-01-30 10:35:00,117810.0,117810.0,117520.0,117530.0,723,425,336.0,387.0,53856.0
2026-01-30 10:40:00,117530.0,117620.0,117430.0,117600.0,1114,534,488.0,626.0,53384.0
2026-01-30 10:45:00,117600.0,117680.0,117540.0,117590.0,470,287,293.0,177.0,53296.0
2026-01-30 10:50:00,117570.0,117700.0,117550.0,117680.0,289,186,193.0,96.0,53300.0
2026-01-30 10:55:00,117660.0,117810.0,117630.0,117750.0,545,260,351.0,194.0,52946.0
2026-01-30 11:00:00,117750.0,117750.0,117370.0,117580.0,862,551,295.0,567.0,52980.0
2026-01-30 11:05:00,117570.0,117580.0,117380.0,117410.0,453,201,177.0,276.0,53200.0
2026-01-30 11:10:00,117420.0,117490.0,117400.0,117420.0,116,89,58.0,58.0,53224.0
2026-01-30 11:15:00,117420.0,117490.0,117310.0,117490.0,468,310,217.0,251.0,53236.0
2026-01-30 11:20:00,117480.0,117670.0,117450.0,117560.0,592,346,314.0,278.0,53308.0
2026-01-30 11:25:00,117550.0,117560.0,116650.0,116980.0,4223,2276,1460.0,2763.0,52276.0
2026-01-30 11:30:00,116980.0,116990.0,116670.0,116780.0,1705,780,366.0,1339.0,51162.0
2026-01-30 11:35:00,116780.0,117020.0,116690.0,117020.0,671,395,409.0,262.0,50882.0
2026-01-30 11:40:00,117010.0,117010.0,116710.0,116810.0,958,552,441.0,517.0,50816.0
2026-01-30 11:45:00,116800.0,116800.0,116670.0,116720.0,516,281,271.0,245.0,50840.0
2026-01-30 11:50:00,116770.0,116780.0,116610.0,116650.0,290,195,101.0,189.0,50846.0
2026-01-30 11:55:00,116640.0,116680.0,116470.0,116480.0,1243,581,468.0,775.0,50886.0
2026-01-30 12:00:00,116470.0,116610.0,116240.0,116610.0,2133,1284,873.0,1260.0,50458.0
2026-01-30 12:05:00,116610.0,116790.0,116590.0,116650.0,738,461,403.0,335.0,50310.0
2026-01-30 12:10:00,116650.0,116740.0,116430.0,116560.0,1115,622,456.0,659.0,50410.0
2026-01-30 12:15:00,116560.0,116690.0,116480.0,116690.0,911,486,452.0,459.0,50514.0
2026-01-30 12:20:00,116670.0,116770.0,116610.0,116710.0,331,212,146.0,185.0,50548.0
2026-01-30 12:25:00,116670.0,116720.0,116630.0,116630.0,134,105,73.0,61.0,50570.0
2026-01-30 12:30:00,116620.0,116760.0,116590.0,116700.0,339,211,128.0,211.0,50712.0
2026-01-30 12:35:00,116700.0,116760.0,116550.0,116750.0,260,172,153.0,107.0,50610.0
2026-01-30 12:40:00,116740.0,116760.0,116370.0,116410.0,548,367,172.0,376.0,50626.0
2026-01-30 12:45:00,116400.0,116490.0,116310.0,116450.0,568,364,328.0,240.0,50628.0
2026-01-30 12:50:00,116440.0,116720.0,116440.0,116640.0,402,236,277.0,125.0,50542.0
2026-01-30 12:55:00,116610.0,116700.0,116530.0,116670.0,360,215,189.0,171.0,50524.0
2026-01-30 13:00:00,116660.0,116710.0,116590.0,116600.0,176,128,110.0,66.0,50592.0
2026-01-30 13:05:00,116600.0,116930.0,116570.0,116920.0,563,382,412.0,151.0,50584.0
2026-01-30 13:10:00,116920.0,116960.0,116780.0,116840.0,472,236,184.0,288.0,50664.0
2026-01-30 13:15:00,116830.0,116850.0,116760.0,116850.0,350,155,257.0,93.0,50914.0
2026-01-30 13:20:00,116830.0,116930.0,116810.0,116880.0,355,166,129.0,226.0,50782.0
2026-01-30 13:25:00,116850.0,116900.0,116750.0,116750.0,257,157,148.0,109.0,50844.0
2026-01-30 13:30:00,116750.0,116960.0,116720.0,116890.0,939,410,529.0,410.0,51100.0
2026-01-30 13:35:00,116870.0,116880.0,116400.0,116550.0,1356,805,506.0,850.0,51288.0
2026-01-30 13:40:00,116520.0,116710.0,116480.0,116690.0,409,250,253.0,156.0,51416.0
2026-01-30 13:45:00,116700.0,116760.0,116450.0,116760.0,771,442,495.0,276.0,51570.0
2026-01-30 13:50:00,116750.0,116750.0,116560.0,116570.0,378,235,152.0,226.0,51454.0
2026-01-30 13:55:00,116580.0,116580.0,116300.0,116400.0,435,286,166.0,269.0,51374.0
2026-01-30 14:05:00,116400.0,116450.0,116270.0,116380.0,477,282,253.0,224.0,51466.0
2026-01-30 14:10:00,116360.0,116530.0,116360.0,116420.0,255,157,138.0,117.0,51408.0
2026-01-30 14:15:00,116420.0,116440.0,116250.0,116320.0,403,208,153.0,250.0,51446.0
2026-01-30 14:20:00,116330.0,116390.0,116250.0,116320.0,504,215,163.0,341.0,51316.0
2026-01-30 14:25:00,116320.0,116340.0,116250.0,116310.0,182,114,63.0,119.0,51328.0
2026-01-30 14:30:00,116310.0,116390.0,116200.0,116350.0,1019,404,256.0,763.0,50574.0
2026-01-30 14:35:00,116370.0,116370.0,116240.0,116300.0,222,117,98.0,124.0,50560.0
2026-01-30 14:40:00,116270.0,116360.0,116260.0,116260.0,116,83,67.0,49.0,50556.0
2026-01-30 14:45:00,116260.0,116270.0,115930.0,115950.0,1889,670,676.0,1213.0,49302.0
2026-01-30 14:50:00,115950.0,116170.0,115900.0,116090.0,719,389,325.0,394.0,49088.0
2026-01-30 14:55:00,116100.0,116180.0,115960.0,115980.0,515,273,292.0,223.0,49222.0
2026-01-30 15:00:00,115990.0,116180.0,115920.0,116060.0,468,307,289.0,179.0,49174.0
2026-01-30 15:05:00,116050.0,116120.0,115920.0,115980.0,328,145,152.0,176.0,49064.0
2026-01-30 15:10:00,115990.0,116240.0,115970.0,116200.0,404,266,280.0,124.0,49064.0
2026-01-30 15:15:00,116230.0,116300.0,116200.0,116220.0,233,176,145.0,88.0,49036.0
2026-01-30 15:20:00,116230.0,116260.0,116120.0,116150.0,239,154,84.0,155.0,48992.0
2026-01-30 15:25:00,116130.0,116150.0,115930.0,115990.0,491,258,228.0,263.0,49150.0
2026-01-30 15:30:00,116010.0,116090.0,115980.0,116010.0,239,126,130.0,109.0,49084.0
2026-01-30 15:35:00,116000.0,116080.0,115970.0,116070.0,549,180,417.0,132.0,49358.0
2026-01-30 15:40:00,116060.0,116160.0,115960.0,116080.0,301,180,170.0,131.0,49474.0
2026-01-30 15:45:00,116070.0,116120.0,115970.0,115990.0,175,120,84.0,91.0,49454.0
2026-01-30 15:50:00,116000.0,116160.0,116000.0,116160.0,169,109,121.0,48.0,49482.0
2026-01-30 15:55:00,116170.0,116170.0,116020.0,116020.0,78,52,23.0,55.0,49504.0
2026-01-30 16:00:00,116030.0,116210.0,115950.0,116210.0,351,205,234.0,117.0,49586.0
2026-01-30 16:05:00,116190.0,116230.0,116140.0,116190.0,177,100,109.0,68.0,49578.0
2026-01-30 16:10:00,116180.0,116250.0,116120.0,116170.0,282,183,102.0,180.0,49510.0
2026-01-30 16:15:00,116170.0,116180.0,116100.0,116150.0,68,57,35.0,33.0,49498.0
2026-01-30 16:20:00,116150.0,116240.0,116140.0,116210.0,208,89,134.0,74.0,49610.0
2026-01-30 16:25:00,116230.0,116230.0,115950.0,115980.0,316,167,55.0,261.0,49620.0
2026-01-30 16:30:00,115980.0,116000.0,115800.0,115950.0,884,457,317.0,567.0,49574.0
2026-01-30 16:35:00,115960.0,116130.0,115950.0,116130.0,317,206,214.0,103.0,49696.0
2026-01-30 16:40:00,116100.0,116200.0,116060.0,116160.0,362,203,255.0,107.0,49824.0
2026-01-30 16:45:00,116160.0,116170.0,116070.0,116140.0,160,101,64.0,96.0,49836.0
2026-01-30 16:50:00,116130.0,116130.0,115980.0,116010.0,139,93,27.0,112.0,49806.0
2026-01-30 16:55:00,116010.0,116140.0,115980.0,116060.0,254,148,176.0,78.0,49888.0
2026-01-30 17:00:00,116070.0,116140.0,116000.0,116100.0,101,80,58.0,43.0,49916.0
2026-01-30 17:05:00,116090.0,116100.0,115900.0,115980.0,443,229,115.0,328.0,49814.0
2026-01-30 17:10:00,115990.0,116040.0,115900.0,116030.0,317,155,91.0,226.0,49692.0
2026-01-30 17:15:00,116020.0,116150.0,116000.0,116130.0,344,201,276.0,68.0,49710.0
2026-01-30 17:20:00,116140.0,116320.0,116130.0,116280.0,319,219,246.0,73.0,49790.0
2026-01-30 17:25:00,116290.0,116420.0,116230.0,116260.0,520,345,285.0,235.0,49504.0
2026-01-30 17:30:00,116270.0,116310.0,116180.0,116190.0,232,132,59.0,173.0,49606.0
2026-01-30 17:35:00,116190.0,116340.0,116140.0,116140.0,545,299,260.0,285.0,49522.0
2026-01-30 17:40:00,116150.0,116330.0,116120.0,116300.0,422,254,290.0,132.0,49544.0
2026-01-30 17:45:00,116300.0,116490.0,116270.0,116380.0,349,266,217.0,132.0,49444.0
2026-01-30 17:50:00,116390.0,116490.0,116270.0,116320.0,215,146,130.0,85.0,49346.0
2026-01-30 17:55:00,116320.0,116380.0,116230.0,116300.0,201,98,100.0,101.0,49470.0
2026-01-30 18:00:00,116280.0,116280.0,116050.0,116060.0,372,236,131.0,241.0,49366.0
2026-01-30 18:05:00,116040.0,116130.0,115980.0,116040.0,296,186,145.0,151.0,49492.0
2026-01-30 18:10:00,116030.0,116220.0,116030.0,116200.0,205,118,174.0,31.0,49586.0
2026-01-30 18:15:00,116200.0,116270.0,116110.0,116150.0,384,146,74.0,310.0,49668.0
2026-01-30 18:20:00,116180.0,116210.0,116010.0,116070.0,251,147,108.0,143.0,49588.0
2026-01-30 18:25:00,116080.0,116190.0,115910.0,115910.0,430,288,133.0,297.0,49496.0
2026-01-30 18:30:00,115910.0,116000.0,115870.0,115900.0,479,249,317.0,162.0,49826.0
2026-01-30 18:35:00,115890.0,116090.0,115870.0,116050.0,322,199,150.0,172.0,49764.0
2026-01-30 18:40:00,116040.0,116070.0,115950.0,115950.0,149,109,91.0,58.0,49746.0
2026-01-30 18:45:00,115950.0,116050.0,115940.0,116020.0,93,61,31.0,62.0,49736.0
2026-01-30 19:05:00,116080.0,116280.0,115870.0,115960.0,262,172,157.0,105.0,49824.0
2026-01-30 19:10:00,115970.0,115990.0,115950.0,115990.0,69,34,60.0,9.0,49808.0
2026-01-30 19:15:00,115950.0,115950.0,115700.0,115770.0,629,409,141.0,488.0,49350.0
2026-01-30 19:20:00,115780.0,115870.0,115770.0,115860.0,117,67,84.0,33.0,49362.0
2026-01-30 19:25:00,115850.0,115880.0,115820.0,115860.0,60,33,45.0,15.0,49378.0
2026-01-30 19:30:00,115860.0,115860.0,115780.0,115820.0,102,79,38.0,64.0,49400.0
2026-01-30 19:35:00,115820.0,115820.0,115650.0,115680.0,306,148,31.0,275.0,49274.0
2026-01-30 19:40:00,115670.0,115780.0,115620.0,115760.0,182,86,51.0,131.0,49152.0
2026-01-30 19:45:00,115750.0,115770.0,115690.0,115690.0,37,29,9.0,28.0,49140.0
2026-01-30 19:50:00,115690.0,115730.0,115660.0,115720.0,47,38,29.0,18.0,49130.0
2026-01-30 19:55:00,115700.0,115810.0,115680.0,115790.0,228,110,127.0,101.0,49062.0
2026-01-30 20:00:00,115780.0,115890.0,115770.0,115860.0,184,105,141.0,43.0,48996.0
2026-01-30 20:05:00,115850.0,115890.0,115810.0,115850.0,75,59,29.0,46.0,49014.0
2026-01-30 20:10:00,115850.0,115870.0,115830.0,115830.0,40,15,12.0,28.0,49024.0
2026-01-30 20:15:00,115850.0,115890.0,115780.0,115790.0,47,41,32.0,15.0,49056.0
2026-01-30 20:20:00,115790.0,116040.0,115750.0,116030.0,500,348,352.0,148.0,48914.0
2026-01-30 20:25:00,116030.0,116130.0,116010.0,116130.0,130,97,101.0,29.0,48982.0
2026-01-30 20:30:00,116140.0,116140.0,116000.0,116000.0,158,91,36.0,122.0,48948.0
2026-01-30 20:35:00,116030.0,116030.0,115910.0,115960.0,80,53,52.0,28.0,48912.0
2026-01-30 20:40:00,115930.0,115990.0,115850.0,115900.0,222,120,46.0,176.0,48902.0
2026-01-30 20:45:00,115900.0,115930.0,115800.0,115820.0,154,103,46.0,108.0,48986.0
2026-01-30 20:50:00,115820.0,115830.0,115690.0,115740.0,273,143,140.0,133.0,48994.0
2026-01-30 20:55:00,115720.0,115770.0,115610.0,115760.0,293,164,95.0,198.0,48910.0
2026-01-30 21:00:00,115760.0,116160.0,115740.0,116000.0,798,617,499.0,299.0,48994.0
2026-01-30 21:05:00,115990.0,115990.0,115860.0,115870.0,141,88,37.0,104.0,48930.0
2026-01-30 21:10:00,115880.0,115930.0,115640.0,115750.0,264,194,84.0,180.0,48898.0
2026-01-30 21:15:00,115750.0,115850.0,115320.0,115400.0,803,545,206.0,597.0,48778.0
2026-01-30 21:20:00,115420.0,115500.0,115250.0,115470.0,568,338,324.0,244.0,48682.0
2026-01-30 21:25:00,115480.0,115520.0,115400.0,115460.0,347,122,104.0,243.0,48764.0
2026-01-30 21:30:00,115460.0,115560.0,115350.0,115460.0,452,257,230.0,222.0,48854.0
2026-01-30 21:35:00,115470.0,115490.0,115410.0,115490.0,42,39,25.0,17.0,48860.0
2026-01-30 21:40:00,115480.0,115550.0,115410.0,115530.0,252,125,105.0,147.0,48930.0
2026-01-30 21:45:00,115490.0,115590.0,115350.0,115410.0,337,179,140.0,197.0,48896.0
2026-01-30 21:50:00,115370.0,115550.0,115360.0,115550.0,116,71,89.0,27.0,48876.0
2026-01-30 21:55:00,115550.0,115610.0,115530.0,115570.0,189,93,88.0,101.0,48870.0
2026-01-30 22:00:00,115560.0,115650.0,115470.0,115490.0,75,47,36.0,39.0,48818.0
2026-01-30 22:05:00,115440.0,115450.0,115250.0,115350.0,496,263,201.0,295.0,48904.0
2026-01-30 22:10:00,115320.0,115400.0,115300.0,115310.0,182,94,42.0,140.0,48832.0
2026-01-30 22:15:00,115330.0,115380.0,115320.0,115340.0,80,50,46.0,34.0,48848.0
2026-01-30 22:20:00,115350.0,115370.0,115210.0,115260.0,192,79,25.0,167.0,48946.0
2026-01-30 22:25:00,115260.0,115310.0,115210.0,115290.0,270,112,149.0,121.0,49096.0
2026-01-30 22:30:00,115300.0,115390.0,115280.0,115380.0,96,63,78.0,18.0,49052.0
2026-01-30 22:35:00,115380.0,115450.0,115380.0,115430.0,170,69,85.0,85.0,49216.0
2026-01-30 22:40:00,115440.0,115580.0,115440.0,115560.0,238,126,175.0,63.0,49208.0
2026-01-30 22:45:00,115550.0,115760.0,115550.0,115710.0,344,190,215.0,129.0,48986.0
2026-01-30 22:50:00,115730.0,115890.0,115660.0,115880.0,323,214,211.0,112.0,49070.0
2026-01-30 22:55:00,115860.0,115930.0,115830.0,115930.0,293,137,215.0,78.0,49216.0
2026-01-30 23:00:00,115920.0,115960.0,115790.0,115790.0,166,106,92.0,74.0,49108.0
2026-01-30 23:05:00,115790.0,115820.0,115620.0,115630.0,77,50,18.0,59.0,49060.0
2026-01-30 23:10:00,115710.0,115780.0,115690.0,115770.0,65,28,52.0,13.0,49102.0
2026-01-30 23:15:00,115780.0,115810.0,115680.0,115720.0,91,61,67.0,24.0,49118.0
2026-01-30 23:20:00,115730.0,115780.0,115730.0,115750.0,13,7,12.0,1.0,49140.0
2026-01-30 23:25:00,115740.0,115810.0,115740.0,115790.0,130,36,59.0,71.0,49108.0
2026-01-30 23:30:00,115770.0,115900.0,115720.0,115850.0,212,98,101.0,111.0,48948.0
2026-01-30 23:35:00,115860.0,115860.0,115850.0,115860.0,58,19,7.0,51.0,48954.0
2026-01-30 23:40:00,115850.0,115910.0,115850.0,115880.0,115,29,93.0,22.0,48962.0
2026-01-30 23:45:00,115880.0,115940.0,115820.0,115900.0,355,108,228.0,127.0,48862.0
2026-02-02 08:55:00,115560.0,115800.0,115560.0,115800.0,76,31,12.0,64.0,49414.0
2026-02-02 09:00:00,115550.0,115560.0,114610.0,114610.0,2832,1674,883.0,1949.0,49254.0
2026-02-02 09:05:00,114610.0,114680.0,113950.0,114640.0,2245,1317,941.0,1304.0,49872.0
2026-02-02 09:10:00,114600.0,114630.0,114080.0,114180.0,1475,711,438.0,1037.0,50234.0
2026-02-02 09:15:00,114140.0,114430.0,114000.0,114420.0,881,467,554.0,327.0,50654.0
2026-02-02 09:20:00,114400.0,114400.0,114180.0,114240.0,387,224,110.0,277.0,50564.0
2026-02-02 09:25:00,114210.0,114240.0,113990.0,114080.0,451,243,160.0,291.0,50964.0
2026-02-02 09:30:00,114040.0,114290.0,113960.0,114240.0,881,411,497.0,384.0,51044.0
2026-02-02 09:35:00,114240.0,114250.0,114150.0,114160.0,232,132,66.0,166.0,51098.0
2026-02-02 09:40:00,114140.0,114160.0,113970.0,114100.0,428,248,169.0,259.0,51180.0
2026-02-02 09:45:00,114090.0,114090.0,113830.0,113940.0,882,409,319.0,563.0,50948.0
2026-02-02 09:50:00,113940.0,114180.0,113850.0,114160.0,396,194,294.0,102.0,51138.0
2026-02-02 09:55:00,114160.0,114290.0,114070.0,114230.0,665,275,323.0,342.0,51376.0
2026-02-02 10:00:00,114210.0,114430.0,113970.0,114260.0,1647,768,826.0,821.0,51884.0
2026-02-02 10:05:00,114260.0,114390.0,114200.0,114240.0,774,373,374.0,400.0,51694.0
2026-02-02 10:10:00,114210.0,114240.0,113790.0,113910.0,1819,693,1026.0,793.0,51752.0
2026-02-02 10:15:00,113900.0,113990.0,113380.0,113510.0,2719,1422,1134.0,1585.0,51778.0
2026-02-02 10:20:00,113480.0,113650.0,113440.0,113600.0,1383,686,806.0,577.0,51676.0
2026-02-02 10:25:00,113620.0,114150.0,113530.0,114060.0,1060,594,667.0,393.0,51388.0
2026-02-02 10:30:00,114070.0,114220.0,113990.0,114160.0,763,461,421.0,342.0,51352.0
2026-02-02 10:35:00,114160.0,114160.0,113590.0,113620.0,718,383,185.0,533.0,51256.0
2026-02-02 10:40:00,113620.0,113650.0,113420.0,113470.0,931,555,491.0,440.0,51582.0
2026-02-02 10:45:00,113460.0,113610.0,113220.0,113370.0,2394,1119,1195.0,1199.0,52226.0
2026-02-02 10:50:00,113370.0,113410.0,113300.0,113320.0,531,279,300.0,231.0,52436.0
2026-02-02 10:55:00,113300.0,113360.0,113230.0,113350.0,846,499,377.0,469.0,52514.0
2026-02-02 11:00:00,113310.0,113460.0,113230.0,113350.0,1082,553,485.0,597.0,52730.0
2026-02-02 11:05:00,113360.0,113580.0,113300.0,113550.0,723,363,468.0,255.0,52646.0
2026-02-02 11:10:00,113540.0,113600.0,113450.0,113490.0,328,165,122.0,206.0,52534.0
2026-02-02 11:15:00,113490.0,113620.0,113340.0,113450.0,642,357,317.0,325.0,52638.0
2026-02-02 11:20:00,113480.0,113690.0,113410.0,113630.0,474,221,327.0,147.0,52634.0
2026-02-02 11:25:00,113640.0,113780.0,113610.0,113770.0,450,240,332.0,118.0,52726.0
2026-02-02 11:30:00,113770.0,113810.0,113710.0,113750.0,334,181,171.0,163.0,52628.0
2026-02-02 11:35:00,113750.0,113860.0,113500.0,113720.0,928,419,316.0,612.0,52016.0
2026-02-02 11:40:00,113690.0,113710.0,113500.0,113550.0,785,358,300.0,485.0,51592.0
2026-02-02 11:45:00,113580.0,113680.0,113490.0,113640.0,640,257,358.0,282.0,51152.0
2026-02-02 11:50:00,113630.0,113760.0,113600.0,113750.0,179,103,128.0,51.0,51188.0
2026-02-02 11:55:00,113760.0,113900.0,113620.0,113810.0,672,359,369.0,303.0,50980.0
2026-02-02 12:00:00,113780.0,113900.0,113690.0,113890.0,476,248,239.0,237.0,50694.0
2026-02-02 12:05:00,113910.0,114040.0,113890.0,113990.0,562,274,379.0,183.0,50556.0
2026-02-02 12:10:00,113990.0,114010.0,113770.0,113880.0,368,175,108.0,260.0,50292.0
2026-02-02 12:15:00,113920.0,114100.0,113920.0,114030.0,471,230,334.0,137.0,50326.0
2026-02-02 12:20:00,114040.0,114170.0,113940.0,113960.0,500,255,234.0,266.0,50264.0
2026-02-02 12:25:00,113960.0,114080.0,113960.0,114040.0,374,195,222.0,152.0,50406.0
2026-02-02 12:30:00,114050.0,114420.0,114020.0,114380.0,1134,655,846.0,288.0,50392.0
2026-02-02 12:35:00,114410.0,114500.0,114310.0,114390.0,1187,571,828.0,359.0,50544.0
2026-02-02 12:40:00,114370.0,114600.0,114350.0,114530.0,908,428,769.0,139.0,50672.0
2026-02-02 12:45:00,114540.0,114820.0,114540.0,114770.0,1158,513,855.0,303.0,50606.0
2026-02-02 12:50:00,114760.0,114970.0,114670.0,114670.0,1201,638,753.0,448.0,50530.0
2026-02-02 12:55:00,114700.0,114830.0,114600.0,114770.0,556,358,245.0,311.0,50236.0
2026-02-02 13:00:00,114790.0,114900.0,114610.0,114630.0,736,379,289.0,447.0,50142.0
2026-02-02 13:05:00,114640.0,114680.0,114560.0,114600.0,219,128,83.0,136.0,50082.0
2026-02-02 13:10:00,114610.0,114650.0,114520.0,114620.0,277,158,66.0,211.0,50200.0
2026-02-02 13:15:00,114620.0,114780.0,114570.0,114740.0,169,126,116.0,53.0,50208.0
2026-02-02 13:20:00,114760.0,114940.0,114640.0,114900.0,716,316,272.0,444.0,50148.0
2026-02-02 13:25:00,114890.0,114990.0,114830.0,114980.0,478,283,298.0,180.0,50212.0
2026-02-02 13:30:00,114980.0,115170.0,114960.0,115030.0,1133,545,694.0,439.0,50572.0
2026-02-02 13:35:00,115030.0,115070.0,114740.0,114740.0,399,304,153.0,246.0,50672.0
2026-02-02 13:40:00,114730.0,114820.0,114570.0,114580.0,1040,543,518.0,522.0,51046.0
2026-02-02 13:45:00,114600.0,114780.0,114540.0,114750.0,514,319,269.0,245.0,51136.0
2026-02-02 13:50:00,114750.0,114820.0,114700.0,114700.0,787,271,400.0,387.0,51426.0
2026-02-02 13:55:00,114730.0,114910.0,114710.0,114900.0,453,283,248.0,205.0,51482.0
2026-02-02 14:05:00,114880.0,115010.0,114760.0,114790.0,749,388,305.0,444.0,51642.0
2026-02-02 14:10:00,114800.0,114900.0,114770.0,114890.0,168,120,80.0,88.0,51602.0
2026-02-02 14:15:00,114870.0,114890.0,114760.0,114780.0,93,62,20.0,73.0,51638.0
2026-02-02 14:20:00,114800.0,114820.0,114410.0,114690.0,1016,533,439.0,577.0,51196.0
2026-02-02 14:25:00,114690.0,114790.0,114520.0,114670.0,661,397,413.0,248.0,51386.0
2026-02-02 14:30:00,114630.0,114780.0,114600.0,114670.0,165,97,100.0,65.0,51478.0
2026-02-02 14:35:00,114690.0,114690.0,114510.0,114530.0,188,123,34.0,154.0,51364.0
2026-02-02 14:40:00,114530.0,114690.0,114460.0,114660.0,461,196,226.0,235.0,51350.0
2026-02-02 14:45:00,114650.0,114720.0,114560.0,114720.0,225,113,190.0,35.0,51588.0
2026-02-02 14:50:00,114700.0,114770.0,114620.0,114630.0,207,127,121.0,86.0,51686.0
2026-02-02 14:55:00,114650.0,114720.0,114600.0,114710.0,113,83,67.0,46.0,51702.0
2026-02-02 15:00:00,114680.0,114680.0,114570.0,114650.0,219,113,106.0,113.0,51626.0
2026-02-02 15:05:00,114640.0,114680.0,114510.0,114630.0,207,114,70.0,137.0,51606.0
2026-02-02 15:10:00,114630.0,114710.0,114590.0,114600.0,134,76,99.0,35.0,51706.0
2026-02-02 15:15:00,114620.0,114760.0,114570.0,114720.0,224,125,141.0,83.0,51796.0
2026-02-02 15:20:00,114700.0,114700.0,114520.0,114530.0,309,150,124.0,185.0,51742.0
2026-02-02 15:25:00,114530.0,114680.0,114480.0,114670.0,235,136,139.0,96.0,51784.0
2026-02-02 15:30:00,114670.0,114700.0,114580.0,114580.0,154,97,58.0,96.0,51770.0
2026-02-02 15:35:00,114610.0,114690.0,114590.0,114590.0,57,39,29.0,28.0,51798.0
2026-02-02 15:40:00,114590.0,114740.0,114550.0,114740.0,175,117,103.0,72.0,51814.0
2026-02-02 15:45:00,114700.0,114900.0,114700.0,114820.0,320,215,207.0,113.0,51810.0
2026-02-02 15:50:00,114840.0,114920.0,114740.0,114890.0,144,65,103.0,41.0,51826.0
2026-02-02 15:55:00,114890.0,114990.0,114520.0,114750.0,769,448,301.0,468.0,51536.0
2026-02-02 16:00:00,114760.0,114870.0,114560.0,114620.0,374,247,225.0,149.0,51692.0
2026-02-02 16:05:00,114610.0,114610.0,114330.0,114330.0,655,349,180.0,475.0,51526.0
2026-02-02 16:10:00,114330.0,114570.0,114330.0,114500.0,402,185,323.0,79.0,51540.0
2026-02-02 16:15:00,114500.0,114560.0,114440.0,114490.0,335,155,146.0,189.0,51420.0
2026-02-02 16:20:00,114500.0,114540.0,114420.0,114470.0,291,125,141.0,150.0,51294.0
2026-02-02 16:25:00,114460.0,114550.0,114320.0,114520.0,616,303,305.0,311.0,51218.0
2026-02-02 16:30:00,114530.0,114710.0,114520.0,114670.0,308,208,248.0,60.0,51140.0
2026-02-02 16:35:00,114710.0,114750.0,114550.0,114750.0,191,136,138.0,53.0,51268.0
2026-02-02 16:40:00,114730.0,114860.0,114680.0,114830.0,403,209,193.0,210.0,51448.0
2026-02-02 16:45:00,114830.0,114930.0,114780.0,114790.0,590,271,326.0,264.0,51754.0
2026-02-02 16:50:00,114770.0,114890.0,114730.0,114880.0,168,101,74.0,94.0,51788.0
2026-02-02 16:55:00,114870.0,114910.0,114800.0,114850.0,154,90,53.0,101.0,51796.0
2026-02-02 17:00:00,114870.0,115020.0,114850.0,114900.0,609,354,355.0,254.0,51734.0
2026-02-02 17:05:00,114900.0,115070.0,114790.0,114880.0,492,285,281.0,211.0,51792.0
2026-02-02 17:10:00,114910.0,115000.0,114780.0,114990.0,272,151,86.0,186.0,51694.0
2026-02-02 17:15:00,114970.0,114970.0,114720.0,114760.0,708,451,191.0,517.0,51820.0
2026-02-02 17:20:00,114760.0,114790.0,114630.0,114790.0,305,195,134.0,171.0,51796.0
2026-02-02 17:25:00,114800.0,114950.0,114750.0,114910.0,341,193,282.0,59.0,51894.0
2026-02-02 17:30:00,114920.0,115090.0,114920.0,114970.0,444,221,318.0,126.0,52290.0
2026-02-02 17:35:00,115000.0,115190.0,115000.0,115080.0,585,374,307.0,278.0,52248.0
2026-02-02 17:40:00,115080.0,115110.0,115010.0,115050.0,160,107,63.0,97.0,52220.0
2026-02-02 17:45:00,115060.0,115190.0,115040.0,115100.0,307,136,229.0,78.0,52174.0
2026-02-02 17:50:00,115140.0,115230.0,114960.0,114960.0,347,159,111.0,236.0,51996.0
2026-02-02 17:55:00,114960.0,114970.0,114800.0,114950.0,381,238,153.0,228.0,51858.0
2026-02-02 18:00:00,114920.0,115010.0,114880.0,115000.0,322,151,229.0,93.0,52158.0
2026-02-02 18:05:00,115030.0,115050.0,114790.0,114970.0,582,259,270.0,312.0,52264.0
2026-02-02 18:10:00,114940.0,114940.0,114810.0,114860.0,178,119,53.0,125.0,52268.0
2026-02-02 18:15:00,114890.0,115010.0,114890.0,114970.0,136,97,82.0,54.0,52332.0
2026-02-02 18:20:00,114970.0,115080.0,114970.0,114990.0,122,85,40.0,82.0,52264.0
2026-02-02 18:25:00,114970.0,115010.0,114900.0,114950.0,136,77,32.0,104.0,52216.0
2026-02-02 18:30:00,114960.0,114960.0,114800.0,114810.0,347,187,74.0,273.0,52178.0
2026-02-02 18:35:00,114790.0,114850.0,114740.0,114850.0,441,229,163.0,278.0,51906.0
2026-02-02 18:40:00,114840.0,114900.0,114810.0,114900.0,120,76,94.0,26.0,51850.0
2026-02-02 18:45:00,114910.0,114920.0,114860.0,114890.0,93,46,66.0,27.0,51744.0
2026-02-02 19:05:00,114870.0,115050.0,114870.0,115000.0,265,171,199.0,66.0,51914.0
2026-02-02 19:10:00,115010.0,115230.0,114940.0,115230.0,402,267,253.0,149.0,51912.0
2026-02-02 19:15:00,115230.0,115230.0,115150.0,115180.0,224,141,129.0,95.0,51876.0
2026-02-02 19:20:00,115200.0,115230.0,115070.0,115100.0,304,170,174.0,130.0,51738.0
2026-02-02 19:25:00,115100.0,115160.0,115090.0,115120.0,65,46,26.0,39.0,51730.0
2026-02-02 19:30:00,115120.0,115150.0,115030.0,115030.0,211,80,18.0,193.0,51758.0
2026-02-02 19:35:00,115030.0,115130.0,115010.0,115090.0,150,96,89.0,61.0,51768.0
2026-02-02 19:40:00,115090.0,115190.0,115090.0,115190.0,46,36,25.0,21.0,51778.0
2026-02-02 19:45:00,115180.0,115190.0,115120.0,115120.0,44,37,23.0,21.0,51772.0
2026-02-02 19:50:00,115120.0,115160.0,115080.0,115100.0,35,29,15.0,20.0,51776.0
2026-02-02 19:55:00,115100.0,115190.0,115100.0,115180.0,116,73,97.0,19.0,51700.0
2026-02-02 20:00:00,115130.0,115200.0,115070.0,115080.0,178,81,116.0,62.0,51714.0
2026-02-02 20:05:00,115060.0,115080.0,115020.0,115060.0,31,27,8.0,23.0,51710.0
2026-02-02 20:10:00,115050.0,115140.0,115050.0,115080.0,84,57,64.0,20.0,51776.0
2026-02-02 20:15:00,115110.0,115130.0,115060.0,115060.0,54,29,14.0,40.0,51746.0
2026-02-02 20:20:00,115050.0,115050.0,114960.0,114990.0,149,101,50.0,99.0,51680.0
2026-02-02 20:25:00,114990.0,115050.0,114980.0,115030.0,26,23,20.0,6.0,51668.0
2026-02-02 20:30:00,115030.0,115060.0,114960.0,115000.0,72,43,18.0,54.0,51700.0
2026-02-02 20:35:00,115000.0,115020.0,114970.0,115000.0,31,27,6.0,25.0,51726.0
2026-02-02 20:40:00,115000.0,115050.0,115000.0,115050.0,14,11,10.0,4.0,51730.0
2026-02-02 20:45:00,115040.0,115100.0,114970.0,114970.0,120,44,94.0,26.0,51736.0
2026-02-02 20:50:00,114970.0,115030.0,114960.0,115030.0,32,16,24.0,8.0,51742.0
2026-02-02 20:55:00,115010.0,115020.0,114980.0,114980.0,59,21,11.0,48.0,51722.0
2026-02-02 21:00:00,114960.0,114990.0,114910.0,114920.0,74,43,23.0,51.0,51678.0
2026-02-02 21:05:00,114960.0,114990.0,114930.0,114990.0,21,14,14.0,7.0,51672.0
2026-02-02 21:10:00,114980.0,115000.0,114860.0,114860.0,118,58,88.0,30.0,51704.0
2026-02-02 21:15:00,114870.0,114870.0,114780.0,114820.0,208,146,74.0,134.0,51644.0
2026-02-02 21:20:00,114800.0,114920.0,114800.0,114920.0,62,40,47.0,15.0,51670.0
2026-02-02 21:25:00,114930.0,114950.0,114890.0,114940.0,24,20,11.0,13.0,51666.0
2026-02-02 21:30:00,114920.0,114950.0,114910.0,114910.0,20,18,7.0,13.0,51662.0
2026-02-02 21:35:00,114900.0,114960.0,114900.0,114960.0,19,16,9.0,10.0,51660.0
2026-02-02 21:40:00,114970.0,114990.0,114970.0,114980.0,30,14,13.0,17.0,51664.0
2026-02-02 21:45:00,114990.0,115050.0,114910.0,114930.0,156,90,62.0,94.0,51596.0
2026-02-02 21:50:00,114940.0,114980.0,114920.0,114980.0,23,16,11.0,12.0,51578.0
2026-02-02 21:55:00,115000.0,115000.0,114930.0,114940.0,14,11,6.0,8.0,51584.0
2026-02-02 22:00:00,114940.0,114960.0,114930.0,114940.0,15,9,1.0,14.0,51572.0
2026-02-02 22:05:00,114950.0,114970.0,114940.0,114940.0,54,25,48.0,6.0,51612.0
2026-02-02 22:10:00,114960.0,114960.0,114960.0,114960.0,5,5,2.0,3.0,51606.0
2026-02-02 22:15:00,114960.0,114980.0,114930.0,114930.0,89,63,42.0,47.0,51604.0
2026-02-02 22:20:00,114950.0,114990.0,114950.0,114990.0,29,20,24.0,5.0,51564.0
2026-02-02 22:25:00,114970.0,115070.0,114970.0,115060.0,47,42,31.0,16.0,51574.0
2026-02-02 22:30:00,115050.0,115080.0,115020.0,115050.0,70,39,38.0,32.0,51560.0
2026-02-02 22:35:00,115060.0,115070.0,115040.0,115070.0,19,8,8.0,11.0,51566.0
2026-02-02 22:40:00,115080.0,115340.0,115070.0,115310.0,916,438,792.0,124.0,51092.0
2026-02-02 22:45:00,115310.0,115380.0,115270.0,115270.0,195,108,68.0,127.0,51098.0
2026-02-02 22:50:00,115290.0,115320.0,115260.0,115290.0,70,43,45.0,25.0,51080.0
2026-02-02 22:55:00,115310.0,115480.0,115310.0,115450.0,274,173,219.0,55.0,51148.0
2026-02-02 23:00:00,115450.0,115500.0,115370.0,115370.0,129,63,44.0,85.0,51112.0
2026-02-02 23:05:00,115380.0,115400.0,115360.0,115380.0,20,14,3.0,17.0,51088.0
2026-02-02 23:10:00,115380.0,115380.0,115350.0,115370.0,44,29,29.0,15.0,51092.0
2026-02-02 23:15:00,115360.0,115370.0,115340.0,115340.0,11,7,6.0,5.0,51098.0
2026-02-02 23:20:00,115350.0,115350.0,115260.0,115280.0,90,39,20.0,70.0,51002.0
2026-02-02 23:25:00,115270.0,115290.0,115200.0,115290.0,84,46,38.0,46.0,50996.0
2026-02-02 23:30:00,115210.0,115280.0,115160.0,115170.0,191,81,9.0,182.0,50714.0
2026-02-02 23:35:00,115200.0,115200.0,115160.0,115160.0,5,5,2.0,3.0,50712.0
2026-02-02 23:40:00,115190.0,115190.0,115090.0,115100.0,108,47,21.0,87.0,50584.0
2026-02-02 23:45:00,115100.0,115170.0,115100.0,115110.0,35,26,10.0,25.0,50582.0
2026-02-03 08:55:00,115150.0,115150.0,115150.0,115150.0,5,5,5.0,,50590.0
2026-02-03 09:00:00,115170.0,115480.0,115170.0,115300.0,549,444,282.0,267.0,50728.0
2026-02-03 09:05:00,115300.0,115360.0,115250.0,115320.0,105,82,65.0,40.0,50762.0
2026-02-03 09:10:00,115320.0,115410.0,115290.0,115370.0,124,78,77.0,47.0,50824.0
2026-02-03 09:15:00,115390.0,115700.0,115370.0,115680.0,809,477,681.0,128.0,51010.0
2026-02-03 09:20:00,115690.0,115790.0,115620.0,115790.0,472,279,320.0,152.0,51162.0
2026-02-03 09:25:00,115790.0,115800.0,115730.0,115770.0,302,173,110.0,192.0,51022.0
2026-02-03 09:30:00,115790.0,115830.0,115560.0,115560.0,600,408,173.0,427.0,50848.0
2026-02-03 09:35:00,115570.0,115690.0,115510.0,115690.0,149,92,75.0,74.0,50840.0
2026-02-03 09:40:00,115690.0,115730.0,115550.0,115640.0,283,115,139.0,144.0,50818.0
2026-02-03 09:45:00,115630.0,115630.0,115560.0,115610.0,98,37,35.0,63.0,50880.0
2026-02-03 09:50:00,115610.0,115690.0,115610.0,115680.0,76,51,52.0,24.0,50848.0
2026-02-03 09:55:00,115660.0,115710.0,115590.0,115630.0,168,119,116.0,52.0,50936.0
2026-02-03 10:00:00,115640.0,115710.0,115410.0,115600.0,916,635,408.0,508.0,51188.0
2026-02-03 10:05:00,115600.0,115760.0,115550.0,115680.0,676,427,353.0,323.0,51012.0
2026-02-03 10:10:00,115660.0,115690.0,114950.0,115090.0,1559,930,497.0,1062.0,51040.0
2026-02-03 10:15:00,115100.0,115250.0,115050.0,115210.0,888,484,448.0,440.0,50632.0
2026-02-03 10:20:00,115210.0,115210.0,114960.0,115160.0,744,360,384.0,360.0,50462.0
2026-02-03 10:25:00,115160.0,115420.0,115160.0,115260.0,734,478,465.0,269.0,50098.0
2026-02-03 10:30:00,115250.0,115300.0,115160.0,115210.0,462,222,216.0,246.0,49992.0
2026-02-03 10:35:00,115220.0,115250.0,115140.0,115200.0,263,121,163.0,100.0,49980.0
2026-02-03 10:40:00,115220.0,115330.0,115190.0,115220.0,239,141,140.0,99.0,49966.0
2026-02-03 10:45:00,115220.0,115220.0,115040.0,115060.0,460,231,174.0,286.0,49872.0
2026-02-03 10:50:00,115050.0,115200.0,115030.0,115100.0,285,157,183.0,102.0,49936.0
2026-02-03 10:55:00,115070.0,115260.0,115050.0,115260.0,361,220,307.0,54.0,49846.0
2026-02-03 11:00:00,115270.0,115410.0,115170.0,115400.0,274,190,179.0,95.0,49870.0
2026-02-03 11:05:00,115400.0,115450.0,115210.0,115340.0,502,274,247.0,255.0,49788.0
2026-02-03 11:10:00,115320.0,115360.0,115240.0,115250.0,198,100,114.0,84.0,49844.0
2026-02-03 11:15:00,115240.0,115390.0,115210.0,115390.0,157,99,76.0,81.0,49866.0
2026-02-03 11:20:00,115390.0,115420.0,115350.0,115420.0,45,35,29.0,16.0,49878.0
2026-02-03 11:25:00,115450.0,115490.0,115330.0,115490.0,254,117,154.0,100.0,49840.0
2026-02-03 11:30:00,115480.0,115500.0,115280.0,115280.0,269,148,54.0,215.0,49916.0
2026-02-03 11:35:00,115280.0,115430.0,115260.0,115410.0,272,165,171.0,101.0,49952.0
2026-02-03 11:40:00,115410.0,115470.0,115360.0,115370.0,73,46,39.0,34.0,49938.0
2026-02-03 11:45:00,115400.0,115420.0,115230.0,115250.0,318,189,134.0,184.0,49944.0
2026-02-03 11:50:00,115230.0,115230.0,115070.0,115160.0,445,253,205.0,240.0,50002.0
2026-02-03 11:55:00,115130.0,115130.0,114900.0,114930.0,585,335,190.0,395.0,49908.0
2026-02-03 12:00:00,114940.0,114940.0,114700.0,114760.0,1653,851,383.0,1270.0,49468.0
2026-02-03 12:05:00,114760.0,114980.0,114710.0,114910.0,654,346,407.0,247.0,49662.0
2026-02-03 12:10:00,114890.0,115070.0,114880.0,114960.0,207,129,139.0,68.0,49730.0
2026-02-03 12:15:00,114970.0,115070.0,114880.0,114920.0,175,115,109.0,66.0,49766.0
2026-02-03 12:20:00,114910.0,115190.0,114880.0,115050.0,380,281,277.0,103.0,49652.0
2026-02-03 12:25:00,115040.0,115040.0,114930.0,114980.0,116,87,71.0,45.0,49638.0
2026-02-03 12:30:00,114970.0,115020.0,114890.0,114990.0,202,138,93.0,109.0,49618.0
2026-02-03 12:35:00,114990.0,115020.0,114910.0,115010.0,198,113,95.0,103.0,49626.0
2026-02-03 12:40:00,115000.0,115140.0,114960.0,115060.0,204,114,121.0,83.0,49598.0
2026-02-03 12:45:00,115070.0,115290.0,115030.0,115270.0,402,238,294.0,108.0,49758.0
2026-02-03 12:50:00,115280.0,115380.0,115270.0,115350.0,276,166,189.0,87.0,49758.0
2026-02-03 12:55:00,115300.0,115310.0,115170.0,115220.0,315,160,133.0,182.0,49736.0
2026-02-03 13:00:00,115200.0,115250.0,115200.0,115240.0,71,43,50.0,21.0,49762.0
2026-02-03 13:05:00,115250.0,115280.0,115220.0,115240.0,67,30,52.0,15.0,49774.0
2026-02-03 13:10:00,115250.0,115320.0,115140.0,115320.0,223,140,92.0,131.0,49750.0
2026-02-03 13:15:00,115310.0,115330.0,115240.0,115260.0,124,85,89.0,35.0,49738.0
2026-02-03 13:20:00,115260.0,115340.0,115240.0,115300.0,77,49,37.0,40.0,49702.0
2026-02-03 13:25:00,115320.0,115400.0,115310.0,115320.0,156,90,129.0,27.0,49780.0
2026-02-03 13:30:00,115330.0,115360.0,115300.0,115340.0,49,37,26.0,23.0,49780.0
2026-02-03 13:35:00,115360.0,115380.0,115250.0,115250.0,153,85,15.0,138.0,49620.0
2026-02-03 13:40:00,115250.0,115320.0,115210.0,115280.0,85,64,36.0,49.0,49636.0
2026-02-03 13:45:00,115270.0,115330.0,115190.0,115230.0,180,109,112.0,68.0,49732.0
2026-02-03 13:50:00,115230.0,115250.0,115200.0,115250.0,118,60,87.0,31.0,49668.0
2026-02-03 13:55:00,115250.0,115300.0,115200.0,115200.0,160,58,34.0,126.0,49520.0
2026-02-03 14:05:00,115210.0,115320.0,115090.0,115290.0,370,229,196.0,174.0,49700.0
2026-02-03 14:10:00,115290.0,115490.0,115290.0,115480.0,355,233,279.0,76.0,49690.0
2026-02-03 14:15:00,115500.0,115610.0,115490.0,115560.0,647,342,415.0,232.0,49602.0
2026-02-03 14:20:00,115560.0,115580.0,115370.0,115370.0,267,154,49.0,218.0,49694.0
2026-02-03 14:25:00,115380.0,115400.0,115310.0,115320.0,238,132,136.0,102.0,49706.0
2026-02-03 14:30:00,115330.0,115510.0,115300.0,115490.0,545,215,314.0,231.0,49558.0
2026-02-03 14:35:00,115490.0,115500.0,115170.0,115280.0,802,413,297.0,505.0,49624.0
2026-02-03 14:40:00,115230.0,115290.0,115180.0,115270.0,158,111,98.0,60.0,49596.0
2026-02-03 14:45:00,115290.0,115350.0,115260.0,115300.0,73,42,58.0,15.0,49562.0
2026-02-03 14:50:00,115280.0,115300.0,115180.0,115280.0,212,123,121.0,91.0,49712.0
2026-02-03 14:55:00,115270.0,115480.0,115270.0,115470.0,615,400,433.0,182.0,49554.0
2026-02-03 15:00:00,115480.0,115490.0,115390.0,115410.0,188,92,119.0,69.0,49580.0
2026-02-03 15:05:00,115430.0,115430.0,115280.0,115340.0,490,157,203.0,287.0,49458.0
2026-02-03 15:10:00,115330.0,115590.0,115300.0,115420.0,717,345,511.0,206.0,49620.0
2026-02-03 15:15:00,115450.0,115470.0,115360.0,115370.0,124,93,87.0,37.0,49714.0
2026-02-03 15:20:00,115350.0,115390.0,115270.0,115270.0,93,61,28.0,65.0,49692.0
2026-02-03 15:25:00,115270.0,115310.0,115200.0,115270.0,253,112,37.0,216.0,49578.0
2026-02-03 15:30:00,115270.0,115280.0,115200.0,115250.0,83,58,36.0,47.0,49582.0
2026-02-03 15:35:00,115290.0,115360.0,115260.0,115300.0,121,92,72.0,49.0,49576.0
2026-02-03 15:40:00,115300.0,115520.0,115280.0,115380.0,322,171,269.0,53.0,49658.0
2026-02-03 15:45:00,115380.0,115450.0,115340.0,115340.0,122,33,19.0,103.0,49528.0
2026-02-03 15:50:00,115340.0,115450.0,115310.0,115380.0,123,69,86.0,37.0,49598.0
2026-02-03 15:55:00,115370.0,115380.0,115280.0,115280.0,56,41,9.0,47.0,49596.0
2026-02-03 16:00:00,115340.0,115370.0,115200.0,115200.0,139,90,62.0,77.0,49610.0
2026-02-03 16:05:00,115210.0,115240.0,115170.0,115200.0,167,78,72.0,95.0,49694.0
2026-02-03 16:10:00,115180.0,115220.0,114740.0,114820.0,1031,675,292.0,739.0,49596.0
2026-02-03 16:15:00,114810.0,114990.0,114730.0,114950.0,352,251,239.0,113.0,49602.0
2026-02-03 16:20:00,114950.0,114970.0,114850.0,114950.0,237,124,162.0,75.0,49714.0
2026-02-03 16:25:00,114900.0,115030.0,114850.0,114900.0,278,152,165.0,113.0,49740.0
2026-02-03 16:30:00,114900.0,115030.0,114840.0,114970.0,197,135,135.0,62.0,49812.0
2026-02-03 16:35:00,114950.0,114960.0,114860.0,114870.0,169,90,85.0,84.0,49792.0
2026-02-03 16:40:00,114910.0,114980.0,114850.0,114940.0,168,95,95.0,73.0,49770.0
2026-02-03 16:45:00,114950.0,115050.0,114950.0,115020.0,136,81,103.0,33.0,49832.0
2026-02-03 16:50:00,115000.0,115140.0,114980.0,115070.0,237,118,148.0,89.0,49718.0
2026-02-03 16:55:00,115090.0,115150.0,115060.0,115110.0,148,93,62.0,86.0,49736.0
2026-02-03 17:00:00,115130.0,115150.0,115000.0,115070.0,110,83,47.0,63.0,49714.0
2026-02-03 17:05:00,115100.0,115180.0,115050.0,115160.0,266,179,215.0,51.0,49746.0
2026-02-03 17:10:00,115170.0,115270.0,115130.0,115240.0,378,204,289.0,89.0,49580.0
2026-02-03 17:15:00,115220.0,115230.0,115120.0,115160.0,86,72,40.0,46.0,49580.0
2026-02-03 17:20:00,115170.0,115200.0,115030.0,115120.0,175,105,79.0,96.0,49574.0
2026-02-03 17:25:00,115140.0,115150.0,115050.0,115060.0,128,61,45.0,83.0,49502.0
2026-02-03 17:30:00,115060.0,115090.0,115000.0,115010.0,223,83,30.0,193.0,49404.0
2026-02-03 17:35:00,115010.0,115070.0,114950.0,114970.0,206,105,53.0,153.0,49368.0
2026-02-03 17:40:00,114970.0,115140.0,114970.0,115070.0,239,154,143.0,96.0,49410.0
2026-02-03 17:45:00,115130.0,115370.0,115130.0,115310.0,594,302,491.0,103.0,49418.0
2026-02-03 17:50:00,115320.0,115320.0,115140.0,115250.0,441,275,237.0,204.0,49440.0
2026-02-03 17:55:00,115230.0,115240.0,115160.0,115170.0,181,74,74.0,107.0,49422.0
2026-02-03 18:00:00,115160.0,115250.0,115120.0,115180.0,224,93,85.0,139.0,49300.0
2026-02-03 18:05:00,115200.0,115220.0,115020.0,115030.0,225,111,37.0,188.0,49238.0
2026-02-03 18:10:00,115070.0,115090.0,114990.0,115030.0,123,76,52.0,71.0,49168.0
2026-02-03 18:15:00,115030.0,115090.0,114990.0,115040.0,114,75,60.0,54.0,49192.0
2026-02-03 18:20:00,115050.0,115080.0,114930.0,114950.0,166,85,43.0,123.0,49164.0
2026-02-03 18:25:00,114930.0,115020.0,114920.0,114960.0,213,99,113.0,100.0,49220.0
2026-02-03 18:30:00,114980.0,114980.0,114860.0,114930.0,271,166,66.0,205.0,49142.0
2026-02-03 18:35:00,114930.0,115060.0,114930.0,114990.0,267,135,240.0,27.0,49242.0
2026-02-03 18:40:00,115000.0,115040.0,114970.0,115000.0,127,70,85.0,42.0,49152.0
2026-02-03 18:45:00,115030.0,115120.0,115000.0,115110.0,151,97,100.0,51.0,49030.0
2026-02-03 19:05:00,115070.0,115120.0,114940.0,114940.0,224,156,99.0,125.0,49012.0
2026-02-03 19:10:00,114960.0,115020.0,114960.0,115020.0,57,44,51.0,6.0,49050.0
2026-02-03 19:15:00,115020.0,115040.0,114860.0,114900.0,138,88,30.0,108.0,49034.0
2026-02-03 19:20:00,114880.0,114880.0,114820.0,114850.0,101,70,17.0,84.0,49082.0
2026-02-03 19:25:00,114840.0,114890.0,114840.0,114880.0,56,39,47.0,9.0,49068.0
2026-02-03 19:30:00,114860.0,114880.0,114610.0,114710.0,727,424,100.0,627.0,49048.0
2026-02-03 19:35:00,114710.0,114820.0,114610.0,114680.0,291,200,179.0,112.0,49138.0
2026-02-03 19:40:00,114680.0,114720.0,114560.0,114670.0,320,171,94.0,226.0,49118.0
2026-02-03 19:45:00,114680.0,114790.0,114630.0,114720.0,332,209,222.0,110.0,49196.0
2026-02-03 19:50:00,114740.0,114780.0,114650.0,114710.0,281,149,151.0,130.0,49102.0
2026-02-03 19:55:00,114720.0,114720.0,114620.0,114620.0,87,54,4.0,83.0,49006.0
2026-02-03 20:00:00,114630.0,114660.0,114560.0,114660.0,240,130,98.0,142.0,49110.0
2026-02-03 20:05:00,114660.0,114680.0,114600.0,114600.0,124,52,53.0,71.0,49116.0
2026-02-03 20:10:00,114610.0,114750.0,114580.0,114720.0,250,163,195.0,55.0,49192.0
2026-02-03 20:15:00,114720.0,114760.0,114710.0,114750.0,46,28,40.0,6.0,49196.0
2026-02-03 20:20:00,114730.0,114730.0,114630.0,114640.0,190,99,47.0,143.0,49090.0
2026-02-03 20:25:00,114670.0,114690.0,114630.0,114680.0,117,66,35.0,82.0,49040.0
2026-02-03 20:30:00,114660.0,114660.0,114620.0,114650.0,23,12,10.0,13.0,49048.0
2026-02-03 20:35:00,114650.0,114700.0,114640.0,114640.0,71,29,51.0,20.0,49108.0
2026-02-03 20:40:00,114630.0,114630.0,114430.0,114520.0,622,258,92.0,530.0,49388.0
2026-02-03 20:45:00,114520.0,114590.0,114460.0,114560.0,184,89,96.0,88.0,49362.0
2026-02-03 20:50:00,114560.0,114560.0,114470.0,114490.0,128,76,42.0,86.0,49366.0
2026-02-03 20:55:00,114500.0,114530.0,114480.0,114490.0,73,40,41.0,32.0,49392.0
2026-02-03 21:00:00,114500.0,114580.0,114440.0,114580.0,135,91,93.0,42.0,49338.0
2026-02-03 21:05:00,114580.0,114640.0,114580.0,114640.0,95,44,87.0,8.0,49366.0
2026-02-03 21:10:00,114640.0,114730.0,114620.0,114700.0,150,70,125.0,25.0,49518.0
2026-02-03 21:15:00,114690.0,114710.0,114680.0,114680.0,48,26,5.0,43.0,49540.0
2026-02-03 21:20:00,114690.0,114700.0,114650.0,114700.0,43,23,36.0,7.0,49556.0
2026-02-03 21:25:00,114700.0,114700.0,114570.0,114590.0,256,135,52.0,204.0,49380.0
2026-02-03 21:30:00,114600.0,114630.0,114550.0,114550.0,119,44,98.0,21.0,49526.0
2026-02-03 21:35:00,114550.0,114560.0,114520.0,114540.0,70,31,29.0,41.0,49550.0
2026-02-03 21:40:00,114510.0,114560.0,114510.0,114550.0,129,38,117.0,12.0,49560.0
2026-02-03 21:45:00,114550.0,114610.0,114550.0,114610.0,28,23,27.0,1.0,49580.0
2026-02-03 21:50:00,114610.0,114820.0,114460.0,114740.0,1056,733,637.0,419.0,49650.0
2026-02-03 21:55:00,114720.0,114870.0,114710.0,114810.0,369,176,214.0,155.0,49702.0
2026-02-03 22:00:00,114840.0,114930.0,114740.0,114760.0,286,166,122.0,164.0,49740.0
2026-02-03 22:05:00,114750.0,114760.0,114700.0,114700.0,61,31,21.0,40.0,49738.0
2026-02-03 22:10:00,114700.0,114820.0,114700.0,114820.0,37,26,18.0,19.0,49730.0
2026-02-03 22:15:00,114820.0,114850.0,114700.0,114740.0,117,65,79.0,38.0,49664.0
2026-02-03 22:20:00,114770.0,114780.0,114730.0,114770.0,16,12,10.0,6.0,49666.0
2026-02-03 22:25:00,114750.0,114800.0,114750.0,114800.0,13,9,13.0,0.0,49662.0
2026-02-03 22:30:00,114790.0,114810.0,114670.0,114670.0,89,47,23.0,66.0,49612.0
2026-02-03 22:35:00,114720.0,114720.0,114680.0,114680.0,16,14,2.0,14.0,49624.0
2026-02-03 22:40:00,114690.0,114720.0,114670.0,114720.0,39,22,34.0,5.0,49644.0
2026-02-03 22:45:00,114720.0,114740.0,114720.0,114730.0,36,27,30.0,6.0,49618.0
2026-02-03 22:50:00,114730.0,114740.0,114730.0,114730.0,11,9,6.0,5.0,49612.0
2026-02-03 22:55:00,114720.0,114720.0,114670.0,114690.0,56,19,12.0,44.0,49596.0
2026-02-03 23:00:00,114710.0,114790.0,114710.0,114790.0,28,15,25.0,3.0,49570.0
2026-02-03 23:05:00,114760.0,114760.0,114660.0,114670.0,79,30,1.0,78.0,49604.0
2026-02-03 23:10:00,114660.0,114700.0,114660.0,114690.0,49,18,47.0,2.0,49656.0
2026-02-03 23:15:00,114680.0,114690.0,114660.0,114670.0,20,14,5.0,15.0,49656.0
2026-02-03 23:20:00,114670.0,114690.0,114600.0,114600.0,70,51,8.0,62.0,49726.0
2026-02-03 23:25:00,114590.0,114590.0,114540.0,114560.0,80,39,58.0,22.0,49768.0
2026-02-03 23:30:00,114580.0,114600.0,114510.0,114580.0,182,85,138.0,44.0,49742.0
2026-02-03 23:35:00,114560.0,114650.0,114530.0,114630.0,51,27,37.0,14.0,49752.0
2026-02-03 23:40:00,114650.0,114660.0,114590.0,114590.0,70,20,61.0,9.0,49746.0
2026-02-03 23:45:00,114590.0,114690.0,114570.0,114600.0,42,32,22.0,20.0,49690.0
2026-02-04 08:55:00,114950.0,114950.0,114950.0,114950.0,28,19,28.0,,49716.0
2026-02-04 09:00:00,114930.0,115220.0,114820.0,115040.0,932,694,476.0,456.0,49832.0
2026-02-04 09:05:00,115000.0,115060.0,114910.0,114950.0,124,86,54.0,70.0,49852.0
2026-02-04 09:10:00,114950.0,115140.0,114930.0,114970.0,266,162,167.0,99.0,49976.0
2026-02-04 09:15:00,114990.0,115060.0,114890.0,114920.0,393,264,118.0,275.0,50106.0
2026-02-04 09:20:00,114920.0,114920.0,114600.0,114620.0,436,299,154.0,282.0,50262.0
2026-02-04 09:25:00,114650.0,114670.0,114480.0,114570.0,505,326,183.0,322.0,50428.0
2026-02-04 09:30:00,114560.0,114690.0,114530.0,114690.0,213,140,154.0,59.0,50488.0
2026-02-04 09:35:00,114700.0,114740.0,114700.0,114740.0,73,47,51.0,22.0,50478.0
2026-02-04 09:40:00,114690.0,114730.0,114660.0,114660.0,114,52,61.0,53.0,50540.0
2026-02-04 09:45:00,114700.0,114750.0,114670.0,114750.0,42,30,16.0,26.0,50566.0
2026-02-04 09:50:00,114760.0,114860.0,114700.0,114800.0,186,117,108.0,78.0,50556.0
2026-02-04 09:55:00,114830.0,115190.0,114770.0,115190.0,695,428,542.0,153.0,50508.0
2026-02-04 10:00:00,115190.0,115340.0,115010.0,115090.0,1452,743,806.0,646.0,50810.0
2026-02-04 10:05:00,115100.0,115390.0,115080.0,115150.0,1453,658,775.0,678.0,51914.0
2026-02-04 10:10:00,115170.0,115240.0,115110.0,115210.0,671,322,241.0,430.0,52462.0
2026-02-04 10:15:00,115210.0,115210.0,115010.0,115020.0,774,360,209.0,565.0,53028.0
2026-02-04 10:20:00,115020.0,115130.0,114950.0,115130.0,417,283,188.0,229.0,52932.0
2026-02-04 10:25:00,115110.0,115290.0,115080.0,115190.0,379,201,247.0,132.0,53008.0
2026-02-04 10:30:00,115190.0,115310.0,115190.0,115200.0,240,149,140.0,100.0,53026.0
2026-02-04 10:35:00,115210.0,115240.0,115110.0,115190.0,230,149,68.0,162.0,52966.0
2026-02-04 10:40:00,115170.0,115340.0,115170.0,115290.0,159,116,122.0,37.0,53066.0
2026-02-04 10:45:00,115280.0,115500.0,115280.0,115370.0,899,474,500.0,399.0,53524.0
2026-02-04 10:50:00,115390.0,115470.0,115330.0,115450.0,322,177,148.0,174.0,53682.0
2026-02-04 10:55:00,115460.0,115590.0,115460.0,115530.0,821,397,467.0,354.0,54066.0
2026-02-04 11:00:00,115550.0,115620.0,115510.0,115580.0,638,309,476.0,162.0,54324.0
2026-02-04 11:05:00,115570.0,115990.0,115570.0,115810.0,1935,966,1241.0,694.0,54568.0
2026-02-04 11:10:00,115810.0,115960.0,115790.0,115850.0,628,367,387.0,241.0,54740.0
2026-02-04 11:15:00,115880.0,115960.0,115840.0,115940.0,231,145,76.0,155.0,54740.0
2026-02-04 11:20:00,115930.0,116110.0,115920.0,116000.0,1400,546,704.0,696.0,55230.0
2026-02-04 11:25:00,116000.0,116060.0,115870.0,115870.0,865,415,237.0,628.0,55230.0
2026-02-04 11:30:00,115870.0,115930.0,115800.0,115830.0,353,208,134.0,219.0,55264.0
2026-02-04 11:35:00,115830.0,115880.0,115790.0,115840.0,288,166,127.0,161.0,55248.0
2026-02-04 11:40:00,115860.0,115920.0,115740.0,115750.0,378,195,91.0,287.0,55434.0
2026-02-04 11:45:00,115770.0,115770.0,115670.0,115730.0,338,182,137.0,201.0,55402.0
2026-02-04 11:50:00,115700.0,115780.0,115700.0,115740.0,106,69,69.0,37.0,55404.0
2026-02-04 11:55:00,115760.0,115810.0,115600.0,115630.0,462,254,202.0,260.0,55440.0
2026-02-04 12:00:00,115640.0,115790.0,115640.0,115740.0,509,269,365.0,144.0,55430.0
2026-02-04 12:05:00,115720.0,115740.0,115620.0,115670.0,301,185,103.0,198.0,55490.0
2026-02-04 12:10:00,115670.0,115680.0,115620.0,115680.0,69,40,37.0,32.0,55464.0
2026-02-04 12:15:00,115680.0,115760.0,115660.0,115740.0,372,172,313.0,59.0,55614.0
2026-02-04 12:20:00,115730.0,115790.0,115640.0,115730.0,216,138,112.0,104.0,55660.0
2026-02-04 12:25:00,115730.0,115790.0,115700.0,115740.0,218,123,112.0,106.0,55704.0
2026-02-04 12:30:00,115760.0,115930.0,115750.0,115770.0,537,313,392.0,145.0,55848.0
2026-02-04 12:35:00,115770.0,115930.0,115470.0,115630.0,2405,1519,1154.0,1251.0,55892.0
2026-02-04 12:40:00,115640.0,115730.0,115580.0,115730.0,343,188,198.0,145.0,55910.0
2026-02-04 12:45:00,115730.0,115800.0,115660.0,115750.0,264,160,130.0,134.0,55976.0
2026-02-04 12:50:00,115750.0,115870.0,115720.0,115840.0,233,144,180.0,53.0,56094.0
2026-02-04 12:55:00,115840.0,115960.0,115820.0,115860.0,360,201,179.0,181.0,55998.0
2026-02-04 13:00:00,115870.0,116030.0,115830.0,115990.0,454,243,244.0,210.0,55832.0
2026-02-04 13:05:00,116000.0,116120.0,115960.0,116000.0,603,347,393.0,210.0,55764.0
2026-02-04 13:10:00,116000.0,116060.0,115770.0,115780.0,601,298,191.0,410.0,55644.0
2026-02-04 13:15:00,115780.0,115870.0,115750.0,115830.0,415,232,266.0,149.0,55652.0
2026-02-04 13:20:00,115850.0,115970.0,115800.0,115870.0,570,384,303.0,267.0,55588.0
2026-02-04 13:25:00,115890.0,116000.0,115890.0,115960.0,213,135,111.0,102.0,55588.0
2026-02-04 13:30:00,115970.0,116270.0,115970.0,116270.0,850,513,578.0,272.0,55524.0
2026-02-04 13:35:00,116270.0,116400.0,116270.0,116300.0,735,455,480.0,255.0,55640.0
2026-02-04 13:40:00,116300.0,116350.0,116270.0,116280.0,430,197,208.0,222.0,55848.0
2026-02-04 13:45:00,116280.0,116400.0,116270.0,116390.0,328,181,208.0,120.0,55816.0
2026-02-04 13:50:00,116380.0,116380.0,116270.0,116280.0,258,119,72.0,186.0,55914.0
2026-02-04 13:55:00,116290.0,116380.0,116270.0,116350.0,278,126,151.0,127.0,55928.0
2026-02-04 14:05:00,116350.0,116470.0,116300.0,116310.0,770,459,314.0,456.0,56020.0
2026-02-04 14:10:00,116300.0,116300.0,116130.0,116150.0,735,400,147.0,588.0,56218.0
2026-02-04 14:15:00,116180.0,116250.0,116050.0,116090.0,628,340,206.0,422.0,56258.0
2026-02-04 14:20:00,116080.0,116090.0,115880.0,115950.0,834,522,326.0,508.0,55844.0
2026-02-04 14:25:00,115980.0,115980.0,115780.0,115880.0,633,393,285.0,348.0,55772.0
2026-02-04 14:30:00,115860.0,115980.0,115800.0,115930.0,473,236,226.0,247.0,55900.0
2026-02-04 14:35:00,115960.0,115970.0,115870.0,115920.0,141,79,56.0,85.0,55974.0
2026-02-04 14:40:00,115920.0,115950.0,115690.0,115740.0,461,291,131.0,330.0,55804.0
2026-02-04 14:45:00,115740.0,115950.0,115730.0,115820.0,577,295,337.0,240.0,55854.0
2026-02-04 14:50:00,115850.0,115890.0,115660.0,115660.0,311,202,89.0,222.0,55690.0
2026-02-04 14:55:00,115690.0,115730.0,115590.0,115640.0,382,229,174.0,208.0,55636.0
2026-02-04 15:00:00,115650.0,115800.0,115630.0,115780.0,380,198,277.0,103.0,55712.0
2026-02-04 15:05:00,115780.0,115840.0,115720.0,115800.0,284,191,166.0,118.0,55832.0
2026-02-04 15:10:00,115790.0,115940.0,115790.0,115900.0,308,175,203.0,105.0,55944.0
2026-02-04 15:15:00,115910.0,115910.0,115750.0,115770.0,309,185,58.0,251.0,55946.0
2026-02-04 15:20:00,115760.0,115920.0,115700.0,115810.0,462,209,266.0,196.0,55844.0
2026-02-04 15:25:00,115840.0,115850.0,115680.0,115700.0,213,129,84.0,129.0,55866.0
2026-02-04 15:30:00,115680.0,115920.0,115650.0,115890.0,223,156,112.0,111.0,55850.0
2026-02-04 15:35:00,115880.0,115970.0,115850.0,115940.0,147,73,108.0,39.0,55924.0
2026-02-04 15:40:00,115940.0,115970.0,115890.0,115930.0,157,87,76.0,81.0,56036.0
2026-02-04 15:45:00,115950.0,115950.0,115860.0,115920.0,106,43,43.0,63.0,56072.0
2026-02-04 15:50:00,115940.0,116050.0,115940.0,115990.0,247,131,167.0,80.0,56048.0
2026-02-04 15:55:00,116010.0,116010.0,115880.0,115900.0,198,116,29.0,169.0,56038.0
2026-02-04 16:00:00,115910.0,115920.0,115810.0,115830.0,186,133,50.0,136.0,56030.0
2026-02-04 16:05:00,115850.0,115850.0,115730.0,115800.0,228,130,117.0,111.0,56106.0
2026-02-04 16:10:00,115770.0,115990.0,115740.0,115930.0,314,194,240.0,74.0,56170.0
2026-02-04 16:15:00,115890.0,115900.0,115730.0,115750.0,301,159,76.0,225.0,56050.0
2026-02-04 16:20:00,115770.0,115790.0,115400.0,115540.0,1397,722,343.0,1054.0,55462.0
2026-02-04 16:25:00,115540.0,115840.0,115520.0,115810.0,696,414,466.0,230.0,55170.0
2026-02-04 16:30:00,115820.0,115900.0,115650.0,115820.0,491,359,296.0,195.0,55244.0
2026-02-04 16:35:00,115840.0,116090.0,115790.0,116060.0,730,429,435.0,295.0,55388.0
2026-02-04 16:40:00,116030.0,116270.0,115940.0,116260.0,1249,723,829.0,420.0,56232.0
2026-02-04 16:45:00,116260.0,116310.0,116130.0,116130.0,672,318,327.0,345.0,56180.0
2026-02-04 16:50:00,116120.0,116250.0,116110.0,116250.0,217,152,139.0,78.0,56276.0
2026-02-04 16:55:00,116250.0,116270.0,116150.0,116150.0,151,91,45.0,106.0,56268.0
2026-02-04 17:00:00,116130.0,116180.0,115990.0,116140.0,315,217,136.0,179.0,56236.0
2026-02-04 17:05:00,116150.0,116150.0,115820.0,115980.0,1090,634,477.0,613.0,56268.0
2026-02-04 17:10:00,115980.0,116040.0,115830.0,115900.0,292,194,138.0,154.0,56362.0
2026-02-04 17:15:00,115910.0,116030.0,115910.0,116000.0,163,97,116.0,47.0,56336.0
2026-02-04 17:20:00,116020.0,116150.0,115980.0,116110.0,277,188,165.0,112.0,56426.0
2026-02-04 17:25:00,116080.0,116120.0,115980.0,116060.0,226,148,98.0,128.0,56554.0
2026-02-04 17:30:00,116050.0,116070.0,115770.0,115770.0,481,291,129.0,352.0,56472.0
2026-02-04 17:35:00,115780.0,115880.0,115710.0,115880.0,407,230,253.0,154.0,56616.0
2026-02-04 17:40:00,115890.0,115890.0,115730.0,115830.0,238,151,111.0,127.0,56560.0
2026-02-04 17:45:00,115810.0,115850.0,115660.0,115730.0,439,241,142.0,297.0,56634.0
2026-02-04 17:50:00,115740.0,115960.0,115740.0,115840.0,512,322,372.0,140.0,56850.0
2026-02-04 17:55:00,115870.0,115910.0,115760.0,115800.0,165,97,55.0,110.0,56766.0
2026-02-04 18:00:00,115790.0,115850.0,115650.0,115750.0,593,355,250.0,343.0,56800.0
2026-02-04 18:05:00,115750.0,115820.0,115680.0,115770.0,167,110,56.0,111.0,56896.0
2026-02-04 18:10:00,115750.0,115840.0,115650.0,115730.0,211,155,119.0,92.0,56938.0
2026-02-04 18:15:00,115740.0,115760.0,115620.0,115760.0,210,111,85.0,125.0,57002.0
2026-02-04 18:20:00,115750.0,115810.0,115640.0,115710.0,310,215,156.0,154.0,56974.0
2026-02-04 18:25:00,115730.0,115770.0,115510.0,115520.0,516,323,172.0,344.0,57004.0
2026-02-04 18:30:00,115540.0,115700.0,115380.0,115650.0,761,469,442.0,319.0,56936.0
2026-02-04 18:35:00,115660.0,115660.0,115430.0,115600.0,444,253,251.0,193.0,56790.0
2026-02-04 18:40:00,115620.0,115700.0,115540.0,115680.0,200,99,95.0,105.0,56720.0
2026-02-04 18:45:00,115670.0,115680.0,115590.0,115630.0,109,74,50.0,59.0,56718.0
2026-02-04 19:05:00,115710.0,115710.0,115320.0,115330.0,454,307,112.0,342.0,56720.0
2026-02-04 19:10:00,115320.0,115470.0,115310.0,115450.0,291,177,188.0,103.0,56706.0
2026-02-04 19:15:00,115440.0,115460.0,115160.0,115170.0,443,271,79.0,364.0,56560.0
2026-02-04 19:20:00,115160.0,115170.0,115090.0,115120.0,311,153,91.0,220.0,56522.0
2026-02-04 19:25:00,115110.0,115200.0,115040.0,115040.0,437,197,244.0,193.0,56394.0
2026-02-04 19:30:00,115070.0,115160.0,115000.0,115160.0,505,230,141.0,364.0,56118.0
2026-02-04 19:35:00,115140.0,115140.0,115070.0,115070.0,173,94,75.0,98.0,55966.0
2026-02-04 19:40:00,115110.0,115240.0,115110.0,115240.0,117,73,101.0,16.0,55914.0
2026-02-04 19:45:00,115250.0,115380.0,115220.0,115280.0,313,170,167.0,146.0,55862.0
2026-02-04 19:50:00,115300.0,115320.0,115230.0,115230.0,65,46,29.0,36.0,55818.0
2026-02-04 19:55:00,115220.0,115390.0,115220.0,115350.0,144,93,84.0,60.0,55784.0
2026-02-04 20:00:00,115380.0,115380.0,115320.0,115350.0,53,34,20.0,33.0,55750.0
2026-02-04 20:05:00,115330.0,115360.0,115300.0,115300.0,43,25,31.0,12.0,55704.0
2026-02-04 20:10:00,115310.0,115330.0,115270.0,115270.0,131,45,26.0,105.0,55686.0
2026-02-04 20:15:00,115280.0,115280.0,115190.0,115190.0,62,39,8.0,54.0,55708.0
2026-02-04 20:20:00,115180.0,115220.0,115140.0,115200.0,55,43,18.0,37.0,55672.0
2026-02-04 20:25:00,115210.0,115330.0,115110.0,115330.0,150,103,114.0,36.0,55630.0
2026-02-04 20:30:00,115330.0,115450.0,115110.0,115190.0,503,353,260.0,243.0,55680.0
2026-02-04 20:35:00,115170.0,115280.0,115150.0,115190.0,111,46,51.0,60.0,55666.0
2026-02-04 20:40:00,115180.0,115190.0,114910.0,115010.0,706,333,105.0,601.0,55554.0
2026-02-04 20:45:00,114990.0,114990.0,114780.0,114870.0,423,249,102.0,321.0,55174.0
2026-02-04 20:50:00,114870.0,114990.0,114860.0,114990.0,184,102,126.0,58.0,55114.0
2026-02-04 20:55:00,114990.0,115070.0,114970.0,115000.0,244,116,132.0,112.0,55082.0
2026-02-04 21:00:00,115000.0,115020.0,114870.0,114920.0,454,207,78.0,376.0,54950.0
2026-02-04 21:05:00,114910.0,115180.0,114910.0,115110.0,222,144,191.0,31.0,54952.0
2026-02-04 21:10:00,115100.0,115160.0,115030.0,115150.0,141,105,99.0,42.0,54916.0
2026-02-04 21:15:00,115140.0,115180.0,115100.0,115160.0,105,42,90.0,15.0,54870.0
2026-02-04 21:20:00,115170.0,115230.0,115150.0,115180.0,75,48,59.0,16.0,54832.0
2026-02-04 21:25:00,115200.0,115220.0,115060.0,115070.0,359,155,65.0,294.0,54842.0
2026-02-04 21:30:00,115050.0,115160.0,115020.0,115160.0,81,57,37.0,44.0,54812.0
2026-02-04 21:35:00,115160.0,115240.0,115160.0,115210.0,147,65,114.0,33.0,54852.0
2026-02-04 21:40:00,115200.0,115220.0,115200.0,115200.0,51,15,20.0,31.0,54814.0
2026-02-04 21:45:00,115180.0,115190.0,115090.0,115140.0,77,39,14.0,63.0,54780.0
2026-02-04 21:50:00,115150.0,115160.0,115090.0,115100.0,56,28,32.0,24.0,54824.0
2026-02-04 21:55:00,115100.0,115160.0,115100.0,115160.0,64,28,33.0,31.0,54886.0
2026-02-04 22:00:00,115150.0,115150.0,115110.0,115110.0,26,16,0.0,26.0,54860.0
2026-02-04 22:05:00,115130.0,115150.0,115120.0,115120.0,24,20,6.0,18.0,54862.0
2026-02-04 22:10:00,115100.0,115180.0,115100.0,115160.0,44,14,27.0,17.0,54838.0
2026-02-04 22:15:00,115180.0,115180.0,115150.0,115150.0,7,6,3.0,4.0,54838.0
2026-02-04 22:20:00,115150.0,115150.0,115020.0,115080.0,53,44,19.0,34.0,54868.0
2026-02-04 22:25:00,115070.0,115080.0,115010.0,115080.0,173,44,107.0,66.0,54852.0
2026-02-04 22:30:00,115090.0,115170.0,115090.0,115160.0,67,30,61.0,6.0,54920.0
2026-02-04 22:35:00,115170.0,115180.0,115120.0,115120.0,77,17,6.0,71.0,54854.0
2026-02-04 22:40:00,115150.0,115310.0,115150.0,115290.0,181,98,168.0,13.0,54842.0
2026-02-04 22:45:00,115290.0,115340.0,115280.0,115310.0,129,55,111.0,18.0,54846.0
2026-02-04 22:50:00,115290.0,115310.0,115280.0,115310.0,21,19,17.0,4.0,54832.0
2026-02-04 22:55:00,115310.0,115310.0,115280.0,115310.0,7,5,4.0,3.0,54828.0
2026-02-04 23:00:00,115280.0,115280.0,115230.0,115240.0,186,35,1.0,185.0,54940.0
2026-02-04 23:05:00,115240.0,115260.0,115230.0,115260.0,38,15,29.0,9.0,54966.0
2026-02-04 23:10:00,115240.0,115240.0,115190.0,115190.0,25,16,2.0,23.0,54966.0
2026-02-04 23:15:00,115240.0,115330.0,115230.0,115270.0,116,48,105.0,11.0,55062.0
2026-02-04 23:20:00,115290.0,115430.0,115270.0,115430.0,297,170,265.0,32.0,55142.0
2026-02-04 23:25:00,115420.0,115430.0,115290.0,115290.0,192,86,123.0,69.0,55020.0
2026-02-04 23:30:00,115300.0,115400.0,115300.0,115350.0,50,33,20.0,30.0,54996.0
2026-02-04 23:35:00,115330.0,115370.0,115330.0,115370.0,17,9,8.0,9.0,55018.0
2026-02-04 23:40:00,115380.0,115430.0,115380.0,115410.0,65,32,45.0,20.0,54950.0
2026-02-04 23:45:00,115390.0,115420.0,115310.0,115310.0,116,60,61.0,55.0,54866.0
2026-02-05 08:55:00,114960.0,114980.0,114960.0,114980.0,18,9,,18.0,54874.0
2026-02-05 09:00:00,114980.0,114980.0,114540.0,114720.0,842,556,274.0,568.0,54778.0
2026-02-05 09:05:00,114710.0,114710.0,114560.0,114660.0,345,237,145.0,200.0,54830.0
2026-02-05 09:10:00,114640.0,114780.0,114600.0,114780.0,429,173,310.0,119.0,54752.0
2026-02-05 09:15:00,114770.0,114790.0,114400.0,114480.0,1030,533,213.0,817.0,55200.0
2026-02-05 09:20:00,114470.0,114470.0,114240.0,114360.0,682,422,171.0,511.0,55300.0
2026-02-05 09:25:00,114360.0,114480.0,114340.0,114440.0,292,159,183.0,109.0,55196.0
2026-02-05 09:30:00,114440.0,114470.0,114360.0,114450.0,171,107,62.0,109.0,55226.0
2026-02-05 09:35:00,114450.0,114480.0,114430.0,114440.0,167,89,113.0,54.0,55186.0
2026-02-05 09:40:00,114460.0,114600.0,114450.0,114600.0,387,187,332.0,55.0,55204.0
2026-02-05 09:45:00,114590.0,114800.0,114580.0,114690.0,530,334,357.0,173.0,54916.0
2026-02-05 09:50:00,114680.0,114690.0,114600.0,114610.0,153,108,44.0,109.0,54964.0
2026-02-05 09:55:00,114640.0,114640.0,114450.0,114470.0,142,109,41.0,101.0,54960.0
2026-02-05 10:00:00,114460.0,114630.0,114080.0,114590.0,2330,1339,1023.0,1307.0,54846.0
2026-02-05 10:05:00,114630.0,115040.0,114580.0,114790.0,2155,1207,1082.0,1073.0,54108.0
2026-02-05 10:10:00,114780.0,114900.0,114680.0,114900.0,649,310,387.0,262.0,53744.0
2026-02-05 10:15:00,114910.0,114920.0,114670.0,114760.0,431,262,149.0,282.0,53690.0
2026-02-05 10:20:00,114730.0,114900.0,114600.0,114830.0,738,429,443.0,295.0,53554.0
2026-02-05 10:25:00,114830.0,114940.0,114650.0,114900.0,689,448,325.0,364.0,53672.0
2026-02-05 10:30:00,114880.0,115060.0,114870.0,114960.0,731,475,428.0,303.0,53594.0
2026-02-05 10:35:00,114940.0,114960.0,114830.0,114880.0,185,108,61.0,124.0,53596.0
2026-02-05 10:40:00,114870.0,114980.0,114830.0,114880.0,217,122,123.0,94.0,53620.0
2026-02-05 10:45:00,114880.0,114880.0,114660.0,114790.0,509,292,198.0,311.0,53456.0
2026-02-05 10:50:00,114760.0,115190.0,114750.0,115150.0,891,542,631.0,260.0,53804.0
2026-02-05 10:55:00,115150.0,115240.0,115030.0,115170.0,1185,711,577.0,608.0,53916.0
2026-02-05 11:00:00,115160.0,115350.0,115060.0,115170.0,1225,542,578.0,647.0,53922.0
2026-02-05 11:05:00,115190.0,115390.0,115190.0,115370.0,623,356,393.0,230.0,53684.0
2026-02-05 11:10:00,115340.0,115540.0,115340.0,115500.0,908,438,588.0,320.0,53900.0
2026-02-05 11:15:00,115490.0,115620.0,115390.0,115520.0,817,453,340.0,477.0,53758.0
2026-02-05 11:20:00,115530.0,115750.0,115520.0,115580.0,1094,692,549.0,545.0,54060.0
2026-02-05 11:25:00,115580.0,115700.0,115490.0,115510.0,615,375,277.0,338.0,53930.0
2026-02-05 11:30:00,115500.0,115520.0,115400.0,115450.0,481,259,161.0,320.0,53934.0
2026-02-05 11:35:00,115450.0,115470.0,115260.0,115270.0,438,201,131.0,307.0,53748.0
2026-02-05 11:40:00,115260.0,115380.0,115220.0,115370.0,578,272,259.0,319.0,53718.0
2026-02-05 11:45:00,115390.0,115440.0,115280.0,115400.0,248,123,132.0,116.0,53646.0
2026-02-05 11:50:00,115400.0,115480.0,115280.0,115420.0,302,171,119.0,183.0,53560.0
2026-02-05 11:55:00,115410.0,115450.0,115250.0,115300.0,185,113,59.0,126.0,53604.0
2026-02-05 12:00:00,115310.0,115330.0,115130.0,115210.0,339,219,140.0,199.0,53642.0
2026-02-05 12:05:00,115190.0,115190.0,114960.0,115050.0,450,247,113.0,337.0,53592.0
2026-02-05 12:10:00,115050.0,115130.0,115010.0,115050.0,430,141,371.0,59.0,53342.0
2026-02-05 12:15:00,115080.0,115180.0,114830.0,114890.0,724,371,257.0,467.0,53388.0
2026-02-05 12:20:00,114900.0,114940.0,114720.0,114800.0,902,485,325.0,577.0,53016.0
2026-02-05 12:25:00,114770.0,114950.0,114760.0,114870.0,302,199,181.0,121.0,52966.0
2026-02-05 12:30:00,114850.0,114890.0,114740.0,114760.0,341,237,139.0,202.0,52934.0
2026-02-05 12:35:00,114800.0,114800.0,114650.0,114710.0,338,170,83.0,255.0,52884.0
2026-02-05 12:40:00,114700.0,114740.0,114410.0,114410.0,1364,701,392.0,972.0,52748.0
2026-02-05 12:45:00,114430.0,114440.0,114120.0,114230.0,1375,776,576.0,799.0,52756.0
2026-02-05 12:50:00,114220.0,114230.0,113950.0,114190.0,2059,983,1018.0,1041.0,52254.0
2026-02-05 12:55:00,114160.0,114170.0,113950.0,114100.0,902,424,507.0,395.0,51942.0
2026-02-05 13:00:00,114080.0,114120.0,113840.0,114100.0,1273,681,633.0,640.0,52258.0
2026-02-05 13:05:00,114090.0,114090.0,113850.0,113890.0,697,370,311.0,386.0,52248.0
2026-02-05 13:10:00,113890.0,114060.0,113810.0,114060.0,640,307,419.0,221.0,52226.0
2026-02-05 13:15:00,114040.0,114050.0,113600.0,113800.0,1580,845,532.0,1048.0,52270.0
2026-02-05 13:20:00,113770.0,113880.0,113590.0,113650.0,2045,808,1016.0,1029.0,52818.0
2026-02-05 13:25:00,113660.0,113850.0,113600.0,113690.0,904,510,461.0,443.0,52764.0
2026-02-05 13:30:00,113680.0,113820.0,113620.0,113650.0,1171,452,498.0,673.0,52966.0
2026-02-05 13:35:00,113650.0,113690.0,113600.0,113630.0,361,175,141.0,220.0,53254.0
2026-02-05 13:40:00,113610.0,113750.0,113600.0,113710.0,897,253,303.0,594.0,54208.0
2026-02-05 13:45:00,113680.0,113800.0,113600.0,113790.0,757,387,419.0,338.0,54200.0
2026-02-05 13:50:00,113780.0,113780.0,113620.0,113680.0,572,264,230.0,342.0,54026.0
2026-02-05 13:55:00,113700.0,113720.0,113630.0,113670.0,269,137,131.0,138.0,54066.0
2026-02-05 14:05:00,113680.0,113800.0,113610.0,113790.0,643,311,372.0,271.0,54030.0
2026-02-05 14:10:00,113790.0,113860.0,113550.0,113600.0,1236,496,366.0,870.0,53882.0
2026-02-05 14:15:00,113590.0,113790.0,113580.0,113760.0,549,310,326.0,223.0,53732.0
2026-02-05 14:20:00,113760.0,113910.0,113710.0,113860.0,292,183,189.0,103.0,53686.0
2026-02-05 14:25:00,113850.0,113880.0,113750.0,113810.0,310,161,140.0,170.0,53704.0
2026-02-05 14:30:00,113790.0,113810.0,113670.0,113770.0,259,129,98.0,161.0,53740.0
2026-02-05 14:35:00,113770.0,113770.0,113600.0,113610.0,554,231,187.0,367.0,53456.0
2026-02-05 14:40:00,113600.0,113690.0,113410.0,113430.0,1432,676,690.0,742.0,52898.0
2026-02-05 14:45:00,113440.0,113510.0,113330.0,113380.0,1517,603,760.0,757.0,52164.0
2026-02-05 14:50:00,113380.0,113620.0,113370.0,113460.0,533,333,371.0,162.0,51956.0
2026-02-05 14:55:00,113470.0,113760.0,113280.0,113720.0,1207,715,733.0,474.0,52062.0
2026-02-05 15:00:00,113740.0,113760.0,113540.0,113540.0,603,409,255.0,348.0,52030.0
2026-02-05 15:05:00,113550.0,113620.0,113350.0,113350.0,1265,632,506.0,759.0,52200.0
2026-02-05 15:10:00,113360.0,113400.0,113120.0,113220.0,1531,709,556.0,975.0,52534.0
2026-02-05 15:15:00,113220.0,113220.0,113080.0,113130.0,890,463,428.0,462.0,52500.0
2026-02-05 15:20:00,113140.0,113230.0,113020.0,113230.0,978,396,686.0,292.0,53114.0
2026-02-05 15:25:00,113250.0,113380.0,113030.0,113380.0,922,506,407.0,515.0,53104.0
2026-02-05 15:30:00,113380.0,113480.0,113260.0,113360.0,827,506,454.0,373.0,52922.0
2026-02-05 15:35:00,113360.0,113360.0,113100.0,113140.0,383,240,122.0,261.0,52986.0
2026-02-05 15:40:00,113150.0,113360.0,113120.0,113240.0,593,321,379.0,214.0,52972.0
2026-02-05 15:45:00,113260.0,113540.0,113210.0,113480.0,859,432,663.0,196.0,53226.0
2026-02-05 15:50:00,113480.0,113520.0,113380.0,113520.0,415,222,218.0,197.0,53078.0
2026-02-05 15:55:00,113520.0,113580.0,113320.0,113320.0,375,209,122.0,253.0,52864.0
2026-02-05 16:00:00,113330.0,113680.0,113080.0,113490.0,1851,1137,1011.0,840.0,52668.0
2026-02-05 16:05:00,113490.0,113550.0,113310.0,113330.0,511,293,246.0,265.0,52940.0
2026-02-05 16:10:00,113310.0,113450.0,113260.0,113370.0,372,243,225.0,147.0,53010.0
2026-02-05 16:15:00,113370.0,113470.0,113350.0,113450.0,88,65,57.0,31.0,53042.0
2026-02-05 16:20:00,113430.0,113560.0,113240.0,113500.0,318,214,139.0,179.0,52966.0
2026-02-05 16:25:00,113530.0,113640.0,113500.0,113550.0,306,188,206.0,100.0,52928.0
2026-02-05 16:30:00,113570.0,113700.0,113570.0,113660.0,306,173,160.0,146.0,52826.0
2026-02-05 16:35:00,113630.0,113790.0,113620.0,113690.0,417,257,212.0,205.0,52708.0
2026-02-05 16:40:00,113690.0,113740.0,113630.0,113660.0,158,105,84.0,74.0,52670.0
2026-02-05 16:45:00,113660.0,113740.0,113640.0,113700.0,160,105,92.0,68.0,52662.0
2026-02-05 16:50:00,113720.0,113760.0,113630.0,113650.0,196,107,83.0,113.0,52536.0
2026-02-05 16:55:00,113690.0,113710.0,113570.0,113640.0,277,144,160.0,117.0,52422.0
2026-02-05 17:00:00,113620.0,113620.0,113440.0,113580.0,372,209,119.0,253.0,52394.0
2026-02-05 17:05:00,113590.0,113680.0,113450.0,113550.0,212,147,110.0,102.0,52360.0
2026-02-05 17:10:00,113530.0,113860.0,113530.0,113860.0,574,347,362.0,212.0,52424.0
2026-02-05 17:15:00,113830.0,113950.0,113680.0,113800.0,452,279,261.0,191.0,52562.0
2026-02-05 17:20:00,113800.0,113880.0,113750.0,113850.0,147,104,55.0,92.0,52528.0
2026-02-05 17:25:00,113840.0,114090.0,113840.0,113930.0,898,507,605.0,293.0,52170.0
2026-02-05 17:30:00,113940.0,113990.0,113660.0,113750.0,503,299,162.0,341.0,52066.0
2026-02-05 17:35:00,113760.0,113930.0,113740.0,113760.0,351,235,155.0,196.0,51966.0
2026-02-05 17:40:00,113760.0,113890.0,113750.0,113870.0,134,95,63.0,71.0,51980.0
2026-02-05 17:45:00,113890.0,113920.0,113780.0,113820.0,154,104,71.0,83.0,51994.0
2026-02-05 17:50:00,113820.0,113880.0,113680.0,113690.0,224,149,80.0,144.0,51942.0
2026-02-05 17:55:00,113710.0,113840.0,113650.0,113780.0,197,122,115.0,82.0,51942.0
2026-02-05 18:00:00,113750.0,113790.0,113560.0,113560.0,292,197,134.0,158.0,51948.0
2026-02-05 18:05:00,113560.0,113650.0,113550.0,113650.0,126,75,101.0,25.0,52052.0
2026-02-05 18:10:00,113640.0,113730.0,113550.0,113580.0,257,134,123.0,134.0,51906.0
2026-02-05 18:15:00,113560.0,113580.0,113480.0,113490.0,495,245,167.0,328.0,51650.0
2026-02-05 18:20:00,113490.0,113560.0,113440.0,113510.0,203,122,114.0,89.0,51820.0
2026-02-05 18:25:00,113500.0,113610.0,113370.0,113430.0,328,221,168.0,160.0,51802.0
2026-02-05 18:30:00,113430.0,113440.0,113270.0,113270.0,376,228,204.0,172.0,51628.0
2026-02-05 18:35:00,113290.0,113380.0,113270.0,113360.0,254,154,178.0,76.0,51664.0
2026-02-05 18:40:00,113350.0,113370.0,113200.0,113200.0,322,187,107.0,215.0,51692.0
2026-02-05 18:45:00,113210.0,113250.0,113100.0,113250.0,271,168,92.0,179.0,51698.0
2026-02-05 19:05:00,113180.0,113320.0,113160.0,113280.0,513,294,291.0,222.0,49604.0
2026-02-05 19:10:00,113270.0,113320.0,113190.0,113190.0,460,237,241.0,219.0,49736.0
2026-02-05 19:15:00,113200.0,113330.0,113150.0,113160.0,383,227,214.0,169.0,49752.0
2026-02-05 19:20:00,113150.0,113220.0,113050.0,113100.0,368,202,145.0,223.0,49910.0
2026-02-05 19:25:00,113090.0,113160.0,113090.0,113160.0,152,87,99.0,53.0,49992.0
2026-02-05 19:30:00,113160.0,113250.0,113160.0,113250.0,187,95,129.0,58.0,49948.0
2026-02-05 19:35:00,113250.0,113310.0,113250.0,113300.0,166,88,129.0,37.0,50026.0
2026-02-05 19:40:00,113310.0,113310.0,113100.0,113280.0,521,289,215.0,306.0,50278.0
2026-02-05 19:45:00,113260.0,113330.0,113230.0,113290.0,223,111,122.0,101.0,50394.0
2026-02-05 19:50:00,113300.0,113330.0,113290.0,113310.0,148,100,75.0,73.0,50268.0
2026-02-05 19:55:00,113310.0,113320.0,113250.0,113310.0,52,47,23.0,29.0,50278.0
2026-02-05 20:00:00,113310.0,113360.0,113280.0,113320.0,308,130,185.0,123.0,50476.0
2026-02-05 20:05:00,113350.0,113400.0,113300.0,113330.0,125,77,58.0,67.0,50452.0
2026-02-05 20:10:00,113340.0,113370.0,113310.0,113370.0,49,35,30.0,19.0,50464.0
2026-02-05 20:15:00,113370.0,113420.0,113350.0,113400.0,114,62,67.0,47.0,50436.0
2026-02-05 20:20:00,113400.0,113450.0,113360.0,113400.0,51,31,30.0,21.0,50438.0
2026-02-05 20:25:00,113380.0,113450.0,113380.0,113420.0,43,26,33.0,10.0,50424.0
2026-02-05 20:30:00,113430.0,113440.0,113410.0,113420.0,53,27,47.0,6.0,50476.0
2026-02-05 20:35:00,113420.0,113430.0,113320.0,113320.0,111,73,27.0,84.0,50434.0
2026-02-05 20:40:00,113340.0,113380.0,113300.0,113300.0,109,48,13.0,96.0,50310.0
2026-02-05 20:45:00,113290.0,113360.0,113290.0,113340.0,93,61,82.0,11.0,50306.0
2026-02-05 20:50:00,113350.0,113400.0,113350.0,113400.0,16,11,13.0,3.0,50292.0
2026-02-05 20:55:00,113400.0,113530.0,113400.0,113490.0,194,131,106.0,88.0,50204.0
2026-02-05 21:00:00,113490.0,113610.0,113480.0,113610.0,122,90,108.0,14.0,50172.0
2026-02-05 21:05:00,113600.0,113640.0,113550.0,113580.0,101,59,38.0,63.0,50110.0
2026-02-05 21:10:00,113580.0,113600.0,113540.0,113580.0,44,34,20.0,24.0,50130.0
2026-02-05 21:15:00,113570.0,113600.0,113570.0,113580.0,13,11,8.0,5.0,50124.0
2026-02-05 21:20:00,113550.0,113590.0,113540.0,113580.0,27,18,4.0,23.0,50112.0
2026-02-05 21:25:00,113580.0,113610.0,113580.0,113580.0,23,9,11.0,12.0,50080.0
2026-02-05 21:30:00,113590.0,113600.0,113580.0,113580.0,17,9,10.0,7.0,50088.0
2026-02-05 21:35:00,113570.0,113590.0,113560.0,113590.0,57,31,17.0,40.0,50048.0
2026-02-05 21:40:00,113580.0,113590.0,113570.0,113580.0,16,11,4.0,12.0,50040.0
2026-02-05 21:45:00,113570.0,113570.0,113440.0,113440.0,167,97,12.0,155.0,50038.0
2026-02-05 21:50:00,113440.0,113440.0,113380.0,113380.0,63,52,13.0,50.0,50022.0
2026-02-05 21:55:00,113380.0,113420.0,113370.0,113420.0,34,24,20.0,14.0,50032.0
2026-02-05 22:00:00,113420.0,113460.0,113420.0,113440.0,38,28,33.0,5.0,50026.0
2026-02-05 22:05:00,113420.0,113420.0,113410.0,113410.0,4,4,1.0,3.0,50026.0
2026-02-05 22:10:00,113440.0,113480.0,113440.0,113460.0,44,29,42.0,2.0,50008.0
2026-02-05 22:15:00,113470.0,113550.0,113470.0,113510.0,26,25,24.0,2.0,50004.0
2026-02-05 22:20:00,113520.0,113560.0,113500.0,113520.0,35,31,22.0,13.0,49972.0
2026-02-05 22:25:00,113520.0,113520.0,113460.0,113460.0,43,21,0.0,43.0,49916.0
2026-02-05 22:30:00,113460.0,113480.0,113410.0,113420.0,64,37,42.0,22.0,49968.0
2026-02-05 22:35:00,113400.0,113400.0,113370.0,113390.0,28,16,2.0,26.0,49952.0
2026-02-05 22:40:00,113390.0,113420.0,113370.0,113420.0,47,26,32.0,15.0,49982.0
2026-02-05 22:45:00,113400.0,113430.0,113390.0,113420.0,60,44,26.0,34.0,50010.0
2026-02-05 22:50:00,113420.0,113430.0,113390.0,113390.0,26,16,14.0,12.0,50014.0
2026-02-05 22:55:00,113390.0,113420.0,113380.0,113390.0,20,15,3.0,17.0,50018.0
2026-02-05 23:00:00,113390.0,113490.0,113390.0,113480.0,108,75,76.0,32.0,49980.0
2026-02-05 23:05:00,113480.0,113580.0,113450.0,113560.0,70,56,42.0,28.0,49924.0
2026-02-05 23:10:00,113590.0,113590.0,113530.0,113540.0,96,56,39.0,57.0,49848.0
2026-02-05 23:15:00,113540.0,113570.0,113520.0,113520.0,36,26,29.0,7.0,49822.0
2026-02-05 23:20:00,113530.0,113560.0,113520.0,113520.0,39,26,13.0,26.0,49802.0
2026-02-05 23:25:00,113510.0,113530.0,113470.0,113470.0,78,32,7.0,71.0,49860.0
2026-02-05 23:30:00,113480.0,113490.0,113430.0,113430.0,89,50,55.0,34.0,49836.0
2026-02-05 23:35:00,113420.0,113430.0,113390.0,113410.0,81,45,15.0,66.0,49818.0
2026-02-05 23:40:00,113410.0,113520.0,113410.0,113490.0,86,54,69.0,17.0,49764.0
2026-02-05 23:45:00,113520.0,113600.0,113440.0,113500.0,265,118,212.0,53.0,49658.0
2026-02-06 08:55:00,113840.0,113840.0,113630.0,113630.0,46,35,46.0,,49676.0
2026-02-06 09:00:00,113850.0,113920.0,113550.0,113600.0,619,394,309.0,310.0,49866.0
2026-02-06 09:05:00,113600.0,113640.0,113550.0,113590.0,83,62,39.0,44.0,49922.0
2026-02-06 09:10:00,113590.0,113630.0,113560.0,113610.0,148,92,55.0,93.0,49896.0
2026-02-06 09:15:00,113610.0,113750.0,113590.0,113700.0,342,227,266.0,76.0,49918.0
2026-02-06 09:20:00,113640.0,113640.0,113600.0,113620.0,180,107,51.0,129.0,50046.0
2026-02-06 09:25:00,113610.0,113610.0,113510.0,113520.0,258,113,27.0,231.0,49930.0
2026-02-06 09:30:00,113510.0,113530.0,113430.0,113430.0,224,142,45.0,179.0,49856.0
2026-02-06 09:35:00,113430.0,113470.0,113420.0,113460.0,97,52,71.0,26.0,49854.0
2026-02-06 09:40:00,113460.0,113550.0,113460.0,113510.0,84,53,67.0,17.0,49892.0
2026-02-06 09:45:00,113510.0,113540.0,113460.0,113460.0,52,40,13.0,39.0,49912.0
2026-02-06 09:50:00,113460.0,113480.0,113410.0,113420.0,129,58,24.0,105.0,49998.0
2026-02-06 09:55:00,113430.0,113450.0,113400.0,113430.0,58,30,44.0,14.0,50028.0
2026-02-06 10:00:00,113430.0,113610.0,113430.0,113560.0,495,297,234.0,261.0,50016.0
2026-02-06 10:05:00,113560.0,113580.0,113320.0,113410.0,1008,677,350.0,658.0,50040.0
2026-02-06 10:10:00,113430.0,113560.0,113420.0,113520.0,528,343,268.0,260.0,50082.0
2026-02-06 10:15:00,113520.0,113570.0,112480.0,112560.0,4372,2656,1951.0,2421.0,50810.0
2026-02-06 10:20:00,112580.0,112940.0,112440.0,112760.0,2801,1780,1476.0,1325.0,50974.0
2026-02-06 10:25:00,112800.0,112940.0,112650.0,112660.0,1430,730,514.0,916.0,51554.0
2026-02-06 10:30:00,112650.0,112900.0,112560.0,112680.0,1554,821,852.0,702.0,51614.0
2026-02-06 10:35:00,112680.0,112900.0,112680.0,112890.0,638,352,451.0,187.0,51564.0
2026-02-06 10:40:00,112890.0,113060.0,112860.0,112860.0,793,450,403.0,390.0,51368.0
2026-02-06 10:45:00,112860.0,112880.0,112710.0,112850.0,597,333,234.0,363.0,51250.0
2026-02-06 10:50:00,112850.0,112860.0,112730.0,112770.0,226,143,114.0,112.0,51434.0
2026-02-06 10:55:00,112760.0,113000.0,112750.0,113000.0,574,318,416.0,158.0,51356.0
2026-02-06 11:00:00,113000.0,113010.0,112760.0,112860.0,438,258,180.0,258.0,51196.0
2026-02-06 11:05:00,112870.0,112990.0,112840.0,112860.0,392,262,190.0,202.0,51136.0
2026-02-06 11:10:00,112880.0,113060.0,112830.0,113060.0,332,195,251.0,81.0,51198.0
2026-02-06 11:15:00,113070.0,113120.0,112930.0,113050.0,535,307,259.0,276.0,51232.0
2026-02-06 11:20:00,113000.0,113150.0,112970.0,113140.0,193,135,116.0,77.0,51246.0
2026-02-06 11:25:00,113130.0,113290.0,113070.0,113210.0,624,374,380.0,244.0,51548.0
2026-02-06 11:30:00,113230.0,113320.0,113200.0,113230.0,425,195,271.0,154.0,51452.0
2026-02-06 11:35:00,113230.0,113280.0,113120.0,113160.0,246,144,80.0,166.0,51328.0
2026-02-06 11:40:00,113180.0,113370.0,113160.0,113290.0,454,261,308.0,146.0,51222.0
2026-02-06 11:45:00,113280.0,113290.0,113140.0,113230.0,368,206,136.0,232.0,51232.0
2026-02-06 11:50:00,113220.0,113430.0,113180.0,113400.0,311,195,196.0,115.0,51166.0
2026-02-06 11:55:00,113430.0,113570.0,113350.0,113490.0,991,513,587.0,404.0,51016.0
2026-02-06 12:00:00,113490.0,113680.0,113490.0,113500.0,749,422,501.0,248.0,50974.0
2026-02-06 12:05:00,113520.0,113640.0,113490.0,113610.0,696,261,324.0,372.0,51528.0
2026-02-06 12:10:00,113620.0,113730.0,113590.0,113620.0,535,338,396.0,139.0,51440.0
2026-02-06 12:15:00,113620.0,113700.0,113570.0,113570.0,404,219,133.0,271.0,51530.0
2026-02-06 12:20:00,113560.0,113570.0,113370.0,113520.0,494,310,140.0,354.0,51222.0
2026-02-06 12:25:00,113530.0,113630.0,113510.0,113560.0,349,201,215.0,134.0,51452.0
2026-02-06 12:30:00,113540.0,113800.0,113540.0,113780.0,584,305,422.0,162.0,51516.0
2026-02-06 12:35:00,113800.0,113940.0,113770.0,113910.0,587,310,412.0,175.0,51410.0
2026-02-06 12:40:00,113910.0,113960.0,113870.0,113940.0,548,269,252.0,296.0,51322.0
2026-02-06 12:45:00,113960.0,114070.0,113850.0,113890.0,1161,505,574.0,587.0,51268.0
2026-02-06 12:50:00,113920.0,113960.0,113820.0,113930.0,358,233,173.0,185.0,51212.0
2026-02-06 12:55:00,113940.0,113970.0,113850.0,113880.0,422,241,142.0,280.0,51402.0
2026-02-06 13:00:00,113910.0,114090.0,113820.0,113970.0,914,570,458.0,456.0,51638.0
2026-02-06 13:05:00,113970.0,113990.0,113840.0,113880.0,395,231,172.0,223.0,51468.0
2026-02-06 13:10:00,113870.0,113920.0,113820.0,113830.0,196,105,82.0,114.0,51414.0
2026-02-06 13:15:00,113860.0,113890.0,113750.0,113810.0,302,181,76.0,226.0,51294.0
2026-02-06 13:20:00,113830.0,113840.0,113740.0,113740.0,253,155,109.0,144.0,51162.0
2026-02-06 13:25:00,113760.0,113930.0,113750.0,113900.0,236,169,144.0,92.0,51156.0
2026-02-06 13:30:00,113900.0,113900.0,113700.0,113720.0,449,266,147.0,302.0,51018.0
2026-02-06 13:35:00,113770.0,113870.0,113650.0,113660.0,707,382,377.0,330.0,50916.0
2026-02-06 13:40:00,113650.0,113730.0,113630.0,113690.0,454,227,225.0,229.0,51076.0
2026-02-06 13:45:00,113660.0,113780.0,113650.0,113710.0,211,132,142.0,69.0,51164.0
2026-02-06 13:50:00,113720.0,113720.0,113500.0,113500.0,412,233,106.0,306.0,51018.0
2026-02-06 13:55:00,113530.0,113530.0,113400.0,113410.0,440,338,131.0,309.0,50910.0
2026-02-06 14:05:00,113430.0,113510.0,113340.0,113340.0,558,295,261.0,297.0,50792.0
2026-02-06 14:10:00,113330.0,113460.0,113310.0,113360.0,250,139,146.0,104.0,50768.0
2026-02-06 14:15:00,113350.0,113450.0,113310.0,113380.0,297,141,140.0,157.0,50766.0
2026-02-06 14:20:00,113400.0,113430.0,113300.0,113400.0,326,175,122.0,204.0,50830.0
2026-02-06 14:25:00,113380.0,113390.0,113330.0,113330.0,284,92,183.0,101.0,50598.0
2026-02-06 14:30:00,113380.0,113470.0,113330.0,113410.0,221,125,120.0,101.0,50602.0
2026-02-06 14:35:00,113420.0,113430.0,113320.0,113350.0,140,91,50.0,90.0,50592.0
2026-02-06 14:40:00,113360.0,113470.0,113360.0,113450.0,150,72,95.0,55.0,50546.0
2026-02-06 14:45:00,113450.0,113470.0,113380.0,113430.0,351,154,180.0,171.0,50650.0
2026-02-06 14:50:00,113400.0,113580.0,113390.0,113530.0,338,179,219.0,119.0,50562.0
2026-02-06 14:55:00,113530.0,113570.0,113460.0,113460.0,151,99,64.0,87.0,50526.0
2026-02-06 15:00:00,113480.0,113600.0,113430.0,113570.0,213,136,128.0,85.0,50466.0
2026-02-06 15:05:00,113550.0,113610.0,113520.0,113600.0,96,80,61.0,35.0,50436.0
2026-02-06 15:10:00,113580.0,113600.0,113390.0,113470.0,127,94,47.0,80.0,50418.0
2026-02-06 15:15:00,113470.0,113580.0,113460.0,113570.0,163,110,86.0,77.0,50460.0
2026-02-06 15:20:00,113560.0,113600.0,113470.0,113550.0,125,78,81.0,44.0,50476.0
2026-02-06 15:25:00,113560.0,113560.0,113480.0,113530.0,48,28,14.0,34.0,50462.0
2026-02-06 15:30:00,113540.0,113580.0,113470.0,113550.0,128,67,79.0,49.0,50508.0
2026-02-06 15:35:00,113560.0,113850.0,113560.0,113760.0,611,405,426.0,185.0,50394.0
2026-02-06 15:40:00,113740.0,113770.0,113460.0,113500.0,462,252,198.0,264.0,50506.0
2026-02-06 15:45:00,113500.0,113500.0,113390.0,113430.0,185,109,60.0,125.0,50438.0
2026-02-06 15:50:00,113410.0,113420.0,113320.0,113340.0,247,116,125.0,122.0,50410.0
2026-02-06 15:55:00,113330.0,113410.0,113220.0,113350.0,350,166,117.0,233.0,50242.0
2026-02-06 16:00:00,113340.0,113470.0,113250.0,113380.0,211,135,146.0,65.0,50228.0
2026-02-06 16:05:00,113400.0,113500.0,113360.0,113430.0,181,86,124.0,57.0,50314.0
2026-02-06 16:10:00,113420.0,113460.0,113400.0,113430.0,67,38,37.0,30.0,50310.0
2026-02-06 16:15:00,113400.0,113570.0,113380.0,113490.0,188,105,144.0,44.0,50250.0
2026-02-06 16:20:00,113510.0,113630.0,113490.0,113490.0,161,98,97.0,64.0,50268.0
2026-02-06 16:25:00,113480.0,113530.0,113390.0,113430.0,97,60,39.0,58.0,50238.0
2026-02-06 16:30:00,113430.0,113510.0,113410.0,113410.0,72,50,48.0,24.0,50258.0
2026-02-06 16:35:00,113400.0,113420.0,113160.0,113210.0,546,407,118.0,428.0,50186.0
2026-02-06 16:40:00,113210.0,113210.0,113070.0,113090.0,507,280,176.0,331.0,50302.0
2026-02-06 16:45:00,113070.0,113070.0,112920.0,113030.0,617,362,202.0,415.0,50348.0
2026-02-06 16:50:00,113030.0,113150.0,112910.0,113110.0,438,318,252.0,186.0,50340.0
2026-02-06 16:55:00,113130.0,113130.0,113010.0,113040.0,227,131,115.0,112.0,50374.0
2026-02-06 17:00:00,113030.0,113090.0,112980.0,113000.0,251,159,163.0,88.0,50350.0
2026-02-06 17:05:00,112980.0,113040.0,112910.0,113040.0,322,198,255.0,67.0,50428.0
2026-02-06 17:10:00,113050.0,113100.0,112940.0,113000.0,353,243,211.0,142.0,50402.0
2026-02-06 17:15:00,113000.0,113060.0,112880.0,112890.0,507,268,139.0,368.0,50698.0
2026-02-06 17:20:00,112890.0,112890.0,112720.0,112760.0,718,422,240.0,478.0,50936.0
2026-02-06 17:25:00,112770.0,112830.0,112730.0,112800.0,271,176,165.0,106.0,51074.0
2026-02-06 17:30:00,112770.0,112870.0,112740.0,112850.0,332,138,186.0,146.0,51184.0
2026-02-06 17:35:00,112850.0,113120.0,112850.0,113060.0,482,283,320.0,162.0,51184.0
2026-02-06 17:40:00,113110.0,113160.0,112970.0,112980.0,498,220,260.0,238.0,51176.0
2026-02-06 17:45:00,112960.0,113210.0,112950.0,113200.0,439,255,340.0,99.0,51292.0
2026-02-06 17:50:00,113200.0,113240.0,113130.0,113170.0,171,100,87.0,84.0,51186.0
2026-02-06 17:55:00,113180.0,113210.0,113080.0,113080.0,316,167,129.0,187.0,51084.0
2026-02-06 18:00:00,113090.0,113150.0,113030.0,113070.0,271,162,130.0,141.0,51070.0
2026-02-06 18:05:00,113080.0,113130.0,113020.0,113090.0,304,162,158.0,146.0,51236.0
2026-02-06 18:10:00,113120.0,113200.0,113050.0,113170.0,197,112,96.0,101.0,51160.0
2026-02-06 18:15:00,113160.0,113190.0,113110.0,113170.0,98,58,59.0,39.0,51182.0
2026-02-06 18:20:00,113170.0,113180.0,113120.0,113140.0,73,50,51.0,22.0,51164.0
2026-02-06 18:25:00,113130.0,113140.0,113050.0,113100.0,223,90,114.0,109.0,51216.0
2026-02-06 18:30:00,113090.0,113130.0,113080.0,113120.0,60,38,34.0,26.0,51220.0
2026-02-06 18:35:00,113130.0,113140.0,112990.0,113030.0,161,99,24.0,137.0,51198.0
2026-02-06 18:40:00,113030.0,113050.0,112990.0,113030.0,249,127,113.0,136.0,51232.0
2026-02-06 18:45:00,113060.0,113140.0,113050.0,113110.0,157,106,52.0,105.0,51210.0
2026-02-06 19:05:00,113180.0,113270.0,113050.0,113110.0,241,159,111.0,130.0,51342.0
2026-02-06 19:10:00,113100.0,113110.0,113100.0,113110.0,70,40,24.0,46.0,51302.0
2026-02-06 19:15:00,113110.0,113210.0,113100.0,113210.0,51,37,34.0,17.0,51284.0
2026-02-06 19:20:00,113200.0,113200.0,113140.0,113160.0,81,52,6.0,75.0,51252.0
2026-02-06 19:25:00,113140.0,113140.0,113120.0,113140.0,19,16,12.0,7.0,51242.0
2026-02-06 19:30:00,113130.0,113180.0,113130.0,113140.0,22,14,18.0,4.0,51234.0
2026-02-06 19:35:00,113140.0,113160.0,113110.0,113110.0,41,25,9.0,32.0,51220.0
2026-02-06 19:40:00,113120.0,113130.0,113110.0,113130.0,22,6,20.0,2.0,51210.0
2026-02-06 19:45:00,113130.0,113150.0,113130.0,113150.0,30,21,15.0,15.0,51200.0
2026-02-06 19:50:00,113140.0,113140.0,113140.0,113140.0,2,1,2.0,0.0,51200.0
2026-02-06 19:55:00,113130.0,113220.0,113120.0,113210.0,37,31,16.0,21.0,51190.0
2026-02-06 20:00:00,113220.0,113260.0,113180.0,113240.0,55,34,26.0,29.0,51158.0
2026-02-06 20:05:00,113240.0,113260.0,113230.0,113260.0,61,31,36.0,25.0,51190.0
2026-02-06 20:10:00,113270.0,113320.0,113270.0,113310.0,41,36,39.0,2.0,51168.0
2026-02-06 20:15:00,113310.0,113310.0,113200.0,113200.0,131,62,9.0,122.0,51152.0
2026-02-06 20:20:00,113200.0,113210.0,113160.0,113170.0,54,35,15.0,39.0,51172.0
2026-02-06 20:25:00,113180.0,113210.0,113180.0,113200.0,15,12,13.0,2.0,51162.0
2026-02-06 20:30:00,113200.0,113230.0,113190.0,113190.0,56,30,51.0,5.0,51134.0
2026-02-06 20:35:00,113170.0,113180.0,113100.0,113140.0,222,87,35.0,187.0,51044.0
2026-02-06 20:40:00,113140.0,113150.0,113110.0,113140.0,42,35,18.0,24.0,51014.0
2026-02-06 20:45:00,113130.0,113220.0,113130.0,113220.0,45,31,40.0,5.0,51010.0
2026-02-06 20:50:00,113180.0,113230.0,113180.0,113210.0,47,8,5.0,42.0,50972.0
2026-02-06 20:55:00,113200.0,113230.0,113190.0,113200.0,29,16,11.0,18.0,50946.0
2026-02-06 21:00:00,113200.0,113200.0,113160.0,113160.0,22,16,1.0,21.0,50932.0
2026-02-06 21:05:00,113190.0,113190.0,113160.0,113160.0,24,18,14.0,10.0,50926.0
2026-02-06 21:10:00,113180.0,113180.0,113160.0,113160.0,10,7,5.0,5.0,50930.0
2026-02-06 21:15:00,113160.0,113180.0,113160.0,113180.0,7,5,7.0,0.0,50930.0
2026-02-06 21:20:00,113190.0,113200.0,113180.0,113200.0,64,25,60.0,4.0,50858.0
2026-02-06 21:25:00,113200.0,113200.0,113190.0,113190.0,17,5,16.0,1.0,50836.0
2026-02-06 21:30:00,113190.0,113200.0,113180.0,113190.0,57,35,23.0,34.0,50880.0
2026-02-06 21:35:00,113200.0,113200.0,113170.0,113190.0,11,5,8.0,3.0,50864.0
2026-02-06 21:40:00,113170.0,113180.0,113170.0,113170.0,13,5,6.0,7.0,50856.0
2026-02-06 21:45:00,113160.0,113160.0,113150.0,113150.0,6,5,0.0,6.0,50850.0
2026-02-06 21:50:00,113160.0,113180.0,113160.0,113170.0,33,15,33.0,0.0,50848.0
2026-02-06 21:55:00,113170.0,113170.0,113150.0,113150.0,20,12,1.0,19.0,50858.0
2026-02-06 22:00:00,113150.0,113170.0,113140.0,113170.0,23,13,11.0,12.0,50864.0
2026-02-06 22:05:00,113160.0,113170.0,113160.0,113170.0,10,4,10.0,0.0,50878.0
2026-02-06 22:10:00,113170.0,113180.0,113160.0,113170.0,15,14,7.0,8.0,50866.0
2026-02-06 22:15:00,113180.0,113180.0,113170.0,113170.0,13,7,13.0,0.0,50858.0
2026-02-06 22:20:00,113170.0,113300.0,113170.0,113300.0,260,60,252.0,8.0,50928.0
2026-02-06 22:25:00,113280.0,113280.0,113220.0,113230.0,58,36,27.0,31.0,50850.0
2026-02-06 22:30:00,113210.0,113230.0,113210.0,113220.0,8,6,2.0,6.0,50840.0
2026-02-06 22:35:00,113230.0,113240.0,113230.0,113230.0,17,12,13.0,4.0,50834.0
2026-02-06 22:40:00,113240.0,113240.0,113210.0,113210.0,7,6,2.0,5.0,50830.0
2026-02-06 22:45:00,113210.0,113220.0,113210.0,113220.0,32,20,21.0,11.0,50876.0
2026-02-06 22:50:00,113220.0,113220.0,113190.0,113220.0,47,19,16.0,31.0,50866.0
2026-02-06 22:55:00,113220.0,113220.0,113190.0,113210.0,21,14,14.0,7.0,50862.0
2026-02-06 23:00:00,113190.0,113220.0,113190.0,113190.0,23,19,15.0,8.0,50840.0
2026-02-06 23:05:00,113190.0,113190.0,113150.0,113150.0,23,9,0.0,23.0,50860.0
2026-02-06 23:10:00,113150.0,113150.0,113140.0,113140.0,7,7,0.0,7.0,50866.0
2026-02-06 23:15:00,113140.0,113160.0,113140.0,113160.0,20,10,6.0,14.0,50864.0
2026-02-06 23:20:00,113170.0,113170.0,113120.0,113120.0,47,24,14.0,33.0,50794.0
2026-02-06 23:25:00,113140.0,113140.0,113050.0,113070.0,170,78,43.0,127.0,50758.0
2026-02-06 23:30:00,113060.0,113070.0,113040.0,113060.0,67,39,42.0,25.0,50750.0
2026-02-06 23:35:00,113070.0,113120.0,113070.0,113120.0,24,16,10.0,14.0,50736.0
2026-02-06 23:40:00,113130.0,113140.0,113040.0,113140.0,80,36,29.0,51.0,50668.0
2026-02-06 23:45:00,113140.0,113180.0,113050.0,113170.0,53,40,18.0,35.0,50636.0
